date,tavg,tmin,tmax,prcp,snow,wdir,wspd,wpgt,pres,tsun
2010-01-01,0.3,-2.7,3.5,3.3,,350,12.6,,994.6,
2010-01-02,-3.1,-3.8,-2.2,0.5,30,311,17.7,,1010.9,
2010-01-03,-3.5,-6.8,-0.7,0,41,240,13.2,,1019.8,
2010-01-04,-4.2,-7.3,-0.7,0.8,51,152,5.1,,1017.6,
2010-01-05,-7.1,-10.6,-4.1,0,51,119,6.5,,1011.6,
2010-01-06,-4.7,-6.5,-3.7,0,41,310,7.8,,1004.2,
2010-01-07,-5.3,-6.6,-1.1,0,30,268,9.2,,1011.6,
2010-01-08,-5.8,-7.5,-4.4,0,89,25,15,,1016.3,
2010-01-09,-5.1,-6.1,-4.2,4.8,180,7,14.6,,1009.8,
2010-01-10,-3.8,-5.1,-2.5,3.8,239,331,12.9,,1010.7,
2010-01-11,-6.3,-7.9,-4.6,2.8,249,347,9.3,,1017.3,
2010-01-12,-7.4,-8.4,-5.3,0.3,249,68,5.7,,1020.7,
2010-01-13,-5.6,-8.8,-2.6,0,239,81,9.5,,1014.7,
2010-01-14,-2.6,-3.4,-2.1,0,231,135,13.8,,1015.1,
2010-01-15,-1.8,-2.6,-1,0,231,119,11.9,,1024.3,
2010-01-16,-2.1,-3.8,-1.5,0,201,130,13.7,,1027,
2010-01-17,-2.5,-7,-0.4,0.5,269,162,12.3,,1017.8,
2010-01-18,0.9,-1.4,1.8,8.1,239,257,13.8,,1024.3,
2010-01-19,0.9,0.2,3.1,0,191,228,9.2,,1023.4,
2010-01-20,-1.1,-3.8,0,1.3,170,71,10.2,,1019.7,
2010-01-21,-6.2,-7.9,-4,0,170,67,9.2,,1024.9,
2010-01-22,-8.2,-10.1,-6.5,0,160,63,7.2,,1030.9,
2010-01-23,-8.8,-10.4,-7.5,0,160,88,9,,1030.6,
2010-01-24,-7.2,-9.2,-5.5,0,160,101,14,,1030.6,
2010-01-25,-7.6,-9.6,-5.2,0,150,105,15.8,,1032.7,
2010-01-26,-8.3,-13.3,-5.4,0.8,180,46,10.7,,1037.2,
2010-01-27,-12.4,-20.3,-6.5,0,180,240,17,,1029.4,
2010-01-28,-2.5,-7.4,0.3,0,221,255,36.8,,1000.8,
2010-01-29,-0.8,-3.3,0.7,1,259,228,22.8,,991.8,
2010-01-30,-1.7,-5,0.3,0.5,249,253,21.6,,990.4,
2010-01-31,-5.3,-10.6,-3.5,0,249,236,12.8,,1005,
2010-02-01,-4.1,-7.6,-1.3,0,249,247,23.7,,1010.4,
2010-02-02,-2,-4,0.3,0,239,247,24.8,,1013.1,
2010-02-03,0,-5.3,2.1,0,211,252,26.1,,1008.3,
2010-02-04,-2.9,-7.2,1.3,1.5,201,151,12.8,,1020.3,
2010-02-05,-0.4,-3,0,0,191,130,13.7,,1015.1,
2010-02-06,-0.1,-2.5,1.1,0.5,191,89,8.3,,1014.7,
2010-02-07,-5.9,-7.3,-3.8,0.3,191,6,13.7,,1021.3,
2010-02-08,-8.2,-10.1,-6.3,0,191,,6.5,,1016.6,
2010-02-09,-7.6,-11.1,-5.5,0,201,98,7.7,,1009.3,
2010-02-10,-5.2,-6.4,-4.3,0,201,1,8.3,,1007.5,
2010-02-11,-5.6,-6.6,-4.7,1.5,239,3,20.6,,1007,
2010-02-12,-5,-6.7,-3.6,0,231,319,9.3,,1012.1,
2010-02-13,-3.9,-6,-2.5,0.8,259,318,10.7,,1014.8,
2010-02-14,-6.8,-12.2,-3,0,259,316,5,,1015.9,
2010-02-15,-5.2,-13,-0.8,0,249,234,6.3,,1012.5,
2010-02-16,-4.2,-8.9,-1.3,0,249,158,8.7,,1008.3,
2010-02-17,-3.8,-10.4,-2.3,0,249,26,8.1,,1002.9,
2010-02-18,0.2,-3,2.3,0,221,192,6.8,,1001.5,
2010-02-19,0.5,-0.7,2.3,0,211,,8.5,,997.1,
2010-02-20,0.6,-2.5,2.4,2,191,257,15.8,,999,
2010-02-21,-0.2,-2.9,3.2,0,201,230,18.5,,1004,
2010-02-22,-0.4,-9.2,4.3,0,180,185,9,,1000.7,
2010-02-23,3.5,-0.8,6.2,0,160,193,11.4,,997.9,
2010-02-24,4.1,2.2,6.9,2.3,130,230,12,,1003,
2010-02-25,5.1,1.8,9.4,0,89,191,13.1,,1004.1,
2010-02-26,3.8,1.4,5,0,71,195,15.8,,997.4,
2010-02-27,3.6,1.4,7.3,0.5,51,232,20,,1006.9,
2010-02-28,4.6,-0.3,10.3,0,30,161,18.2,,997,
2010-03-01,4.7,1.9,7.4,0,,263,36.2,,1006.1,
2010-03-02,1.8,-1.2,5.6,0,,271,15.8,,1019.1,
2010-03-03,0.4,-3.2,4.5,0,,279,13.4,,1022.4,
2010-03-04,-1,-4.7,2.5,0,,351,10.2,,1016.9,
2010-03-05,-4.3,-5.5,-2.2,0,,305,19.1,,1021.2,
2010-03-06,-5.1,-9.4,-3.8,1,41,97,18.5,,1018.9,
2010-03-07,-6.2,-10.9,-1.9,0.5,30,336,11.9,,1031.4,
2010-03-08,-4.6,-8.9,-1.2,0,41,27,9.6,,1027.4,
2010-03-09,-5.7,-11.5,-0.4,0.5,20,63,14.3,,1027.6,
2010-03-10,-3.3,-9.2,1.6,0,20,83,17,,1026,
2010-03-11,-1.6,-4.9,1.2,0,,7,10.8,,1016.1,
2010-03-12,-1.4,-6.9,2.5,0,,269,17.9,,1015.9,
2010-03-13,2.1,0,3.2,0,,277,25.8,,1017.8,
2010-03-14,3,1.7,5.1,0,,265,34.5,,1016.1,
2010-03-15,0.5,-2.1,2.9,0.5,20,284,25.5,,1018.6,
2010-03-16,1.4,0.3,3.1,2,10,309,17.4,,1021.5,
2010-03-17,3.7,1,7.4,0.3,,247,16.1,,1027.1,
2010-03-18,7.5,1.6,14.5,0,,232,15.6,,1025.4,
2010-03-19,9,1.3,16.3,0,,224,18,,1021.1,
2010-03-20,9.9,4.9,15.1,0,,223,18.3,,1015.3,
2010-03-21,11.8,9.5,15,0.8,,244,23,,1013.8,
2010-03-22,8.4,3.8,14.6,1.5,,11,10.4,,1022.8,
2010-03-23,10.2,4,16.3,0,,243,13.2,,1020.2,
2010-03-24,9.4,2.4,17.1,0,,,10.7,,1018.4,
2010-03-25,11.9,2.5,19.6,0,,146,8.7,,1012.5,
2010-03-26,12.5,5.7,21.5,0,,147,17.7,,1007.7,
2010-03-27,7.8,5.2,11.6,4.6,,250,24.9,,1007.8,
2010-03-28,7.3,4.4,12.2,1,,242,21.4,,1010.8,
2010-03-29,9.1,5.2,13.6,0.5,,222,21.2,,1008.9,
2010-03-30,11.7,4.9,19.2,0.5,,129,12.9,,1000.5,
2010-03-31,7.1,4.7,12,0.3,,245,18.2,,1002.5,
2010-04-01,5.8,1.7,9.8,1.5,,238,15.6,,1011.8,
2010-04-02,5.3,0.8,9.7,0,,210,9.9,,1018,
2010-04-03,7.4,-1.7,14.3,0,,184,11.9,,1015.5,
2010-04-04,8.8,0.8,13.8,0,,229,12.3,,1013.6,
2010-04-05,6.8,3.6,9.8,0,,295,18.6,,1023,
2010-04-06,6.6,0.8,12.4,0,,336,8.4,,1027.8,
2010-04-07,7.4,-0.5,14.3,0,,118,12.2,,1024.3,
2010-04-08,9.9,0.4,19.7,0,,,5.9,,1023.3,
2010-04-09,9.3,5.5,13.6,0,,323,15.2,,1027.8,
2010-04-10,6,2.8,9.6,0,,320,20.3,,1026.3,
2010-04-11,3.8,1.7,7.8,11.2,,7,17.4,,1022.4,
2010-04-12,5,0.4,8.8,14.2,,87,7.2,,1018.1,
2010-04-13,8.9,5.7,13.1,7.1,,31,10.5,,1015,
2010-04-14,7,3.8,10.6,2.5,,8,16.7,,1013.5,
2010-04-15,6.7,5.7,8.7,0.5,,330,14.7,,1014.7,
2010-04-16,7.8,4.1,13.4,0,,329,14.6,,1018.5,
2010-04-17,7.8,0.3,15.3,0,,,7.8,,1022.1,
2010-04-18,10.7,2.7,16.7,0,,143,11.9,,1015.9,
2010-04-19,12.3,5,18.1,0,,323,11.4,,1012.1,
2010-04-20,10.8,4.6,17.2,0,,341,10.4,,1013.3,
2010-04-21,6.6,2.4,10.1,0,,299,19.2,,1014.4,
2010-04-22,5.3,-1,11.3,0,,301,14.3,,1017.6,
2010-04-23,8.1,-1.1,15.2,0,,71,8.3,,1016.9,
2010-04-24,10.9,2.3,18.4,0,,,8.3,,1020.9,
2010-04-25,13.1,3.5,20.4,0,,88,10.5,,1024.7,
2010-04-26,13,5.5,18.5,0,,254,12.9,,1022.2,
2010-04-27,11.1,6.6,16.4,0.3,,305,13.2,,1025.7,
2010-04-28,12.2,4.4,19.6,0,,,8.7,,1026.7,
2010-04-29,16.5,7.8,24,0,,193,8.6,,1017.8,
2010-04-30,18.2,9.8,24.6,0,,239,16.7,,1009.7,
2010-05-01,15.4,12.3,20.6,1.3,,249,15.9,,1010,
2010-05-02,12.6,10.6,15.5,1.8,,165,8.4,,1010,
2010-05-03,11.7,9.9,15.3,16,,283,11.9,,1009.1,
2010-05-04,9.3,6.9,11.7,0.3,,16,14,,1015.8,
2010-05-05,7.9,6.4,10.4,1.3,,37,19.4,,1015.3,
2010-05-06,9.8,7.4,13.6,3.3,,81,17.4,,1001.7,
2010-05-07,9.2,5.6,14,3.6,,253,12.8,,1006.2,
2010-05-08,10.9,5.9,16.1,0,,306,7.1,,1010.3,
2010-05-09,11.3,4.6,17.6,0,,,6.6,,1009.6,
2010-05-10,11.3,9.2,15.1,6.6,,,6,,1007.1,
2010-05-11,13.4,9.9,18.4,5.1,,53,9.3,,1007,
2010-05-12,14.1,11,18.4,1.3,,264,14.4,,1006,
2010-05-13,10.7,7.1,14.4,0,,4,15.9,,1008.6,
2010-05-14,7.6,6.8,8.7,1.3,,342,15.5,,1009.2,
2010-05-15,7.6,5.8,10,6.6,,320,14.6,,1008.6,
2010-05-16,9.5,5.5,12.7,0,,304,22.2,,1010.9,
2010-05-17,11.5,7.9,16,0,,318,23,,1016.9,
2010-05-18,9.7,7.9,12.2,0,,315,23.4,,1020.8,
2010-05-19,7.6,5.8,8.5,0,,259,16.1,,1020.3,
2010-05-20,11.2,7.6,14.4,4.1,,303,7.2,,1024.4,
2010-05-21,14,10.1,18.1,1.3,,331,16.1,,1024.8,
2010-05-22,15.7,11.4,21.1,0,,337,11.9,,1022.5,
2010-05-23,15.5,12.1,20.3,1,,329,12.3,,1019.5,
2010-05-24,15.8,12,21.7,0,,275,13.4,,1012.2,
2010-05-25,14.2,10.8,19.1,17.3,,312,15,,1010.3,
2010-05-26,12,9.7,16.3,2,,96,9.3,,1010,
2010-05-27,13.7,9.3,18.9,3.6,,257,12.6,,1008.2,
2010-05-28,15,8.2,21,0.5,,205,11.3,,1012.9,
2010-05-29,14.8,9.8,19.7,0,,,7.1,,1018.5,
2010-05-30,14.5,11.3,18.8,0,,206,15.8,,1009.3,
2010-05-31,10.9,8.5,13.6,1,,279,16.8,,1007.6,
2010-06-01,10.4,9.3,11.6,0,,303,14.3,,1010.2,
2010-06-02,10.6,9.2,11.5,0,,335,18.3,,1009.7,
2010-06-03,12.4,10.8,14.6,26.9,,339,16.2,,1013.7,
2010-06-04,14.8,8.8,20.3,3,,338,15.3,,1018.3,
2010-06-05,17.3,8.5,25,0,,184,6.9,,1020.8,
2010-06-06,20.4,12.7,27.3,0,,163,9.6,,1014.3,
2010-06-07,19.4,15.1,23.6,1.3,,259,16.7,,1010.2,
2010-06-08,19.7,11.3,27.4,0,,147,9.5,,1009.7,
2010-06-09,20.9,14,27.9,4.8,,58,7.4,,1008.2,
2010-06-10,22.9,14.6,30.2,1.8,,,5.9,,1006.9,
2010-06-11,23.4,17.6,29.6,0,,241,11.7,,1006.3,
2010-06-12,20.8,13.8,27.9,0,,286,9.5,,1008.7,
2010-06-13,15.1,11.3,18.5,0.5,,20,8.6,,1014.5,
2010-06-14,14.6,11.3,19.3,12.4,,5,11.3,,1014.5,
2010-06-15,15.3,11,18.5,0,,65,10.4,,1019.3,
2010-06-16,14.2,9.4,18.8,0,,50,14.4,,1019.9,
2010-06-17,16.1,8.2,22.1,0,,85,16.8,,1017.5,
2010-06-18,15.4,13.3,18.7,0.5,,348,13.2,,1008.5,
2010-06-19,12.3,9.5,16.8,4.6,,333,11.1,,1006.4,
2010-06-20,12.2,9.2,15.5,0,,350,12.2,,1010.3,
2010-06-21,13.5,10.7,17.7,0.3,,337,15.8,,1016.4,
2010-06-22,14.9,9.3,20.5,0,,337,15.6,,1020.6,
2010-06-23,15.6,9.4,20.2,0,,342,12.6,,1021.5,
2010-06-24,17,12.8,21.9,0,,315,10.2,,1017.8,
2010-06-25,18.3,11.4,24.1,0,,306,13.5,,1014.3,
2010-06-26,18.6,12,23.5,0,,326,13.2,,1015.7,
2010-06-27,18.8,12.3,24.4,0,,6,8.6,,1019.7,
2010-06-28,19.2,10.5,26.1,0,,,6,,1019.9,
2010-06-29,21.1,10.7,28,0,,159,6.3,,1017.7,
2010-06-30,21.2,14.8,27.9,0,,326,8.7,,1017.7,
2010-07-01,21.8,14.6,28.6,0,,302,8.6,,1017.1,
2010-07-02,23.8,15.3,29.7,0,,0,7.2,,1016.9,
2010-07-03,23.8,15.6,30,0,,30,8.4,,1017.1,
2010-07-04,23.3,13.3,29.5,0,,350,10.2,,1016.3,
2010-07-05,21.4,18,25.5,14.5,,315,10.4,,1016,
2010-07-06,16.1,12.5,20.6,1.5,,310,15.2,,1018.8,
2010-07-07,16.4,9.9,21.7,6.9,,324,12.6,,1022.9,
2010-07-08,19.3,10.1,26.7,0,,,6.8,,1022.4,
2010-07-09,23.1,13.9,30.2,0,,180,8.3,,1020.7,
2010-07-10,25.2,16,32.1,0,,154,7.5,,1019.7,
2010-07-11,26.3,15.8,33.1,0,,115,9.8,,1017.1,
2010-07-12,27.1,18.9,33.4,0,,,9.3,,1013.2,
2010-07-13,23.5,19.4,29.7,2,,273,11.9,,1011.1,
2010-07-14,25,16.6,33.1,0,,264,6.2,,1010.4,
2010-07-15,23.1,18.9,28.3,0.5,,290,9.5,,1013,
2010-07-16,26.3,17.1,34.6,0.3,,152,8.6,,1015.6,
2010-07-17,21.7,18.9,26.5,0,,356,14.1,,1016.3,
2010-07-18,16.1,14.5,19.1,28.4,,328,15.7,,1024.8,
2010-07-19,18.8,14.2,23.5,1.5,,17,9.5,,1024.1,
2010-07-20,19.6,13,24.5,0,,92,8.7,,1017.7,
2010-07-21,23.5,15,31.2,0,,,6.8,,1010.5,
2010-07-22,24.7,17.3,32.5,0,,209,11.9,,1011,
2010-07-23,19.4,17.6,22.7,15.5,,337,10.1,,1013,
2010-07-24,16.1,13.5,18.7,53.6,,315,20.1,,1012.5,
2010-07-25,13.8,10.5,17.5,0,,285,12.5,,1014.6,
2010-07-26,17.6,11.8,23.7,0.5,,,9,,1012.4,
2010-07-27,17.7,11.4,23.8,0,,289,9.8,,1014,
2010-07-28,17.5,12.5,23.3,1.5,,273,18.5,,1013.4,
2010-07-29,16.2,12.6,21.7,0,,248,13.1,,1009.6,
2010-07-30,15.9,13.2,19.7,1.3,,307,8.3,,1013.5,
2010-07-31,18.1,10.5,24.8,0,,197,7.7,,1017.6,
2010-08-01,21.3,12.5,27.6,0,,196,9.6,,1016,
2010-08-02,20.8,17.5,25.6,0,,246,10.5,,1013.9,
2010-08-03,17.2,14,19.1,15.5,,294,9.6,,1011.8,
2010-08-04,16.9,10.7,22.5,5.8,,238,7.7,,1012.5,
2010-08-05,18.4,11.8,23.7,0,,123,10.4,,1007.8,
2010-08-06,16.6,15.2,17.8,0.5,,352,11.1,,1010.9,
2010-08-07,15.6,14.5,17.2,1.5,,310,16.8,,1014.2,
2010-08-08,18.8,14.3,24.6,34.3,,239,9.9,,1015.7,
2010-08-09,17.7,14.4,22.7,5.1,,265,12.6,,1016.5,
2010-08-10,19.4,11.7,25.9,0,,222,7.1,,1016.7,
2010-08-11,20.1,13.4,27,0,,174,7.7,,1014.8,
2010-08-12,20.2,14.7,27,0,,162,9.6,,1012.4,
2010-08-13,18.3,15.9,21.3,4.6,,345,10.2,,1015.3,
2010-08-14,18,15.7,22.4,8.6,,348,9.9,,1015.2,
2010-08-15,21.7,15.3,28.4,0,,111,14.3,,1009.8,
2010-08-16,16.9,14.3,22,10.7,,227,13.7,,1012.1,
2010-08-17,15,13.5,17.1,0,,227,21.2,,1009.7,
2010-08-18,16,13,19.8,1,,245,23,,1009.5,
2010-08-19,16.2,13.4,20.4,0,,284,15.6,,1014.9,
2010-08-20,17.3,9,25.1,0.5,,151,8,,1022.3,
2010-08-21,20.8,12.6,28.6,0,,231,8.6,,1023.3,
2010-08-22,23.3,16.3,29.8,0,,226,13.2,,1017.5,
2010-08-23,21.8,16.7,27,0,,205,14.7,,1008.8,
2010-08-24,20.8,17.2,25.2,0,,245,20.7,,1007.5,
2010-08-25,16.1,12.3,21.1,1.3,,251,21.9,,1016.4,
2010-08-26,19.8,12.2,26.6,0,,234,18,,1012.5,
2010-08-27,18.8,16.6,24.1,20.6,,231,21,,1004,
2010-08-28,13.7,10.4,16.9,7.1,,284,20.7,,1010.2,
2010-08-29,12.4,8.5,17,0.5,,244,19.2,,1014.2,
2010-08-30,10.8,8.3,13.8,2,,238,20.4,,1008.3,
2010-08-31,11.2,8.1,13.5,0.5,,331,21,,1014.5,
2010-09-01,11.2,6.7,15.6,1,,302,14.9,,1017.2,
2010-09-02,12.3,8.7,16,1.8,,290,12.6,,1017.5,
2010-09-03,13.2,8.8,17.4,1.5,,338,7.1,,1019.8,
2010-09-04,12.4,9.2,17.4,0.5,,6,10.7,,1019.8,
2010-09-05,10.9,4.2,17.6,0,,50,9,,1023.3,
2010-09-06,10.9,4.8,17.3,0,,60,8.6,,1021.5,
2010-09-07,10.8,2.5,16.2,0,,110,13.7,,1014.5,
2010-09-08,13.3,11.8,15.5,0,,117,17.1,,1010.2,
2010-09-09,14.6,12.4,18.2,0.5,,238,15.3,,1013.5,
2010-09-10,14.7,11.9,20.1,0,,247,12,,1021,
2010-09-11,14.7,8.4,21.7,0.8,,190,7.2,,1022.1,
2010-09-12,15,7.6,22,0,,135,6.6,,1020.4,
2010-09-13,13.7,10.2,16.6,0,,296,10.5,,1021.5,
2010-09-14,12.7,9.3,15.4,0,,240,24,,1021.9,
2010-09-15,14,11.9,15.2,2.5,,235,24.9,,1011.8,
2010-09-16,12.6,9.9,17.6,2.3,,240,20,,1010.8,
2010-09-17,11.2,7.5,15.9,0,,250,17.6,,1012.5,
2010-09-18,10.7,6.3,15.8,0,,274,12.8,,1016.8,
2010-09-19,9.7,3.7,15.4,0,,250,9.5,,1018.8,
2010-09-20,11.5,4.8,17.3,0,,215,12.5,,1019.6,
2010-09-21,14.3,7.3,21.5,0,,258,9.3,,1020.7,
2010-09-22,14.3,7.5,20.4,0,,77,7.1,,1023.2,
2010-09-23,14.6,6.2,20.4,0,,148,8.1,,1017.1,
2010-09-24,15,9,20.4,0,,138,10.2,,1006.1,
2010-09-25,13.7,11.2,14.8,0,,157,8.9,,1001.3,
2010-09-26,9.2,8.5,13.4,28.2,,295,17.1,,1005.2,
2010-09-27,8.9,7.6,10.3,10.9,,257,24.8,,1007.4,
2010-09-28,9.6,8,11.4,20.8,,280,23.3,,1011,
2010-09-29,8.4,7.3,10.1,2,,325,12.8,,1018.3,
2010-09-30,7.8,5,11.3,0,,310,6.9,,1019.5,
2010-10-01,8.1,3.4,13.2,0,,133,8.1,,1017.8,
2010-10-02,9.8,4,14.6,0,,145,9.2,,1018.8,
2010-10-03,10.4,8.5,12.3,0,,133,15.6,,1017.8,
2010-10-04,10.7,9.2,11.9,0,,119,17.3,,1012.1,
2010-10-05,11.7,10.7,13.1,0,,142,10.7,,1011.3,
2010-10-06,11.7,10.4,13.5,0.3,,139,11.1,,1017.8,
2010-10-07,11.9,9.4,15.3,0,,123,9.3,,1023.4,
2010-10-08,10.7,7,16.5,0,,112,18.6,,1025.5,
2010-10-09,8.4,4.4,14.6,0,,91,13.1,,1024.5,
2010-10-10,6.9,1.6,13.4,0,,62,9.8,,1018.4,
2010-10-11,6.4,0,13.2,0,,42,6.5,,1017.1,
2010-10-12,5.7,0.5,12.5,0,,20,7.1,,1017.4,
2010-10-13,4.4,-1.4,10.3,0,,33,6.8,,1017.7,
2010-10-14,4.6,-1.3,12.6,0,,309,6.6,,1015.2,
2010-10-15,7.1,2.9,9.6,0,,251,11.9,,1012.8,
2010-10-16,7.3,5.6,10.4,0.5,,233,7.2,,1010.6,
2010-10-17,6.6,4.5,10.2,9.4,,71,14.6,,1018,
2010-10-18,4.7,2.3,8.6,0,,330,7.1,,1020.6,
2010-10-19,5.1,1.6,7.4,0,,229,17.6,,1011.5,
2010-10-20,5.8,3.5,9.3,0,,258,20.7,,1006.5,
2010-10-21,3.8,1.7,7,1.3,,263,26.3,,1020.8,
2010-10-22,4,-0.4,9.2,0,,230,18.2,,1022.8,
2010-10-23,5.7,-2.3,12.4,0,,194,12.9,,1015.5,
2010-10-24,7.7,4,9.5,0.5,,233,20.6,,1009.4,
2010-10-25,3.7,1.4,6.3,0,,302,11.1,,1018.7,
2010-10-26,3.2,-0.4,8.3,0,,281,14.7,,1027.1,
2010-10-27,3.5,-2,9.5,0,,210,10.2,,1028.7,
2010-10-28,7.1,3.1,11.4,0,,219,15.5,,1023.4,
2010-10-29,7.3,0.8,14.1,0,,169,11,,1019,
2010-10-30,4.1,-0.1,9.7,0,,134,9,,1012.7,
2010-10-31,3.9,-1.5,10.1,0,,50,5.9,,1009.2,
2010-11-01,7.2,1.9,12.1,0,,35,6.6,,1009.6,
2010-11-02,8.3,4.2,13.4,0,,266,11.3,,1014.6,
2010-11-03,9.7,4.6,12.6,0,,237,22.8,,1016.9,
2010-11-04,13.9,10.7,16,0,,249,34.2,,1019.9,
2010-11-05,14.1,12.7,16.3,0,,255,39.9,,1020.1,
2010-11-06,10.9,7.6,13.4,0,,260,26.4,,1013.2,
2010-11-07,6.1,4.2,7.4,8.6,,47,11.9,,1003.6,
2010-11-08,4.2,3.3,5.5,7.9,,316,10.2,,989.1,
2010-11-09,4.1,0.6,8.6,1,,146,8.4,,984.1,
2010-11-10,3.6,-0.2,4.6,0,,208,9.3,,993,
2010-11-11,5.1,2.9,7,0,,218,21,,1007,
2010-11-12,8.6,4.2,11.5,3.6,,241,32,,997.6,
2010-11-13,13.5,8.8,16.4,1.8,,236,34.1,,1000.8,
2010-11-14,12.3,8.2,18.5,0,,178,13.4,,1005.5,
2010-11-15,7.2,4.7,9.1,0,,,7.4,,1012.2,
2010-11-16,6.1,5.3,7.8,0.5,,353,16.5,,1014.7,
2010-11-17,4.9,4.3,5.5,2.8,,351,9.3,,1012.4,
2010-11-18,5.3,3.2,6.5,0,,305,11.7,,1009.7,
2010-11-19,3.3,0.8,5.2,2.5,,222,9.9,,1017.8,
2010-11-20,4.1,2.3,7.2,1.8,,169,8.7,,1018.4,
2010-11-21,2.9,-0.1,5.6,0,,83,13.1,,1011.6,
2010-11-22,6.3,3.4,8.3,8.1,,132,17,,997.6,
2010-11-23,1.9,1,2.9,0.5,,255,26.6,,998.8,
2010-11-24,1.3,-0.2,2.6,2,,269,20.1,,1002.3,
2010-11-25,0.1,-2.6,2.6,0.8,,216,11.3,,1005.6,
2010-11-26,-1,-2.8,0,0,,2,9.6,,1002.4,
2010-11-27,-4.7,-8.5,-0.2,2,20,238,8.1,,1008.1,
2010-11-28,-4.3,-9.1,-0.7,0,20,87,11.3,,1009.1,
2010-11-29,-2.4,-5,-0.3,3.6,180,10,20,,1004.2,
2010-11-30,-5.6,-7.7,-4.5,3.3,191,18,11.1,,1015.7,
2010-12-01,-8.1,-10.1,-6.7,0.3,239,74,24.3,,1007.6,
2010-12-02,-10.1,-10.9,-8.4,9.1,279,239,11.6,,1008.8,
2010-12-03,-11.4,-14.3,-9.5,0,279,,8.6,,1013.7,
2010-12-04,-8.4,-14.8,-4.9,0,269,232,15.5,,1022.2,
2010-12-05,-7.3,-13.5,-2,0,259,159,9.8,,1014.1,
2010-12-06,-3.1,-5.5,-1.8,1.5,290,38,8.7,,1004.2,
2010-12-07,-1,-2.9,0.5,6.4,279,12,7.1,,1004.4,
2010-12-08,0.4,-0.4,1.4,4.8,180,,6.3,,1004,
2010-12-09,-1.8,-3.6,0.2,2.8,160,289,27.3,,1012.9,
2010-12-10,-3.4,-6,-2.6,0,160,282,20.9,,1024,
2010-12-11,1.3,-4.7,3.2,0.5,191,260,34.1,,1012.8,
2010-12-12,0.8,-2.3,2.1,1.8,119,306,25.8,,1008.7,
2010-12-13,-5.9,-9.2,-2.7,0,119,314,21.6,,1019.2,
2010-12-14,-6.3,-11.2,-3,0,119,291,20.9,,1020.7,
2010-12-15,-6.7,-11.6,-4.7,0.5,259,329,20.6,,1020,
2010-12-16,-8.8,-14.8,-6.3,1,221,212,14.3,,1015,
2010-12-17,-7.2,-10.3,-5.5,0.5,269,167,13.2,,997.7,
2010-12-18,-9.9,-14.8,-6.2,1,249,243,7.4,,1004.7,
2010-12-19,-6.9,-13.4,0.3,0,221,149,9.6,,1003.5,
2010-12-20,0.1,-4,3.6,0.8,160,236,21.2,,1002.6,
2010-12-21,-2.8,-7.2,-1,1,180,101,8.4,,1009.9,
2010-12-22,-1.6,-4.5,0.5,2,170,89,6,,1008,
2010-12-23,-0.7,-4.5,0.7,0,170,348,6.8,,1002.4,
2010-12-24,-0.2,-1.9,1,,130,349,16.8,,998.2,
2010-12-25,-4.7,-7.5,-2,0.3,150,322,21.3,,1013.2,
2010-12-26,-9.1,-13.4,-7,0,150,260,16.7,,1025.6,
2010-12-27,-5.8,-9.6,-4.1,0,150,240,19.4,,1024.3,
2010-12-28,-5.6,-8.2,-3.2,0,160,321,18.2,,1023.6,
2010-12-29,-8.6,-10.7,-7.1,0,160,209,6.5,,1028.9,
2010-12-30,-12.9,-15.6,-8.3,0,160,216,6,,1028.7,
2010-12-31,-5.7,-16.5,-1.6,0,150,250,16.5,,1024.2,
2011-01-01,-1.7,-4.4,0.2,0,130,252,24.6,,1017.9,
2011-01-02,-1,-2.1,0.3,0,119,267,18.3,,1018.2,
2011-01-03,-3.3,-8.5,-0.9,0,119,261,16.5,,1022.2,
2011-01-04,-7.7,-9.5,-3.9,0,119,250,10.2,,1022.7,
2011-01-05,-6.8,-9.6,-5.8,,119,168,9.2,,1019.1,
2011-01-06,-3.5,-9.6,3,0,119,170,14,,1011,
2011-01-07,3.9,-0.5,6.5,1.3,79,187,16.5,,1012.1,
2011-01-08,2.9,0.3,6.1,1.8,41,197,11.6,,1014.1,
2011-01-09,1,-0.6,4,1,41,,6.5,,1014.7,
2011-01-10,1,0.4,1.6,2,41,19,8.4,,1022.6,
2011-01-11,0.5,0.2,1.2,0,41,163,7.8,,1015.3,
2011-01-12,2.3,0.2,4.1,0,30,235,20.4,,1016.5,
2011-01-13,4.7,1.9,7.7,2.8,20,243,22.5,,1011.9,
2011-01-14,8.7,5.4,10.4,5.6,,250,30.3,,1013.6,
2011-01-15,7,5.3,9,1.3,,256,24.3,,1021.2,
2011-01-16,6.3,1.7,10.1,0,,245,17.4,,1026.8,
2011-01-17,-0.4,-3.7,3.4,0,,219,6.6,,1027.1,
2011-01-18,4.5,-4,9.1,0,,240,17.3,,1024.6,
2011-01-19,1.8,-1.4,4,0,,297,14.9,,1024.5,
2011-01-20,-0.7,-2.5,1.2,1.8,,318,10.7,,1026.2,
2011-01-21,-2.4,-3.3,-1.6,0,10,356,14.7,,1032,
2011-01-22,-3.9,-7.3,-2.4,0.3,10,308,7.7,,1031.5,
2011-01-23,-3.7,-8,-0.4,0,10,271,15.9,,1024.6,
2011-01-24,-2.2,-4.3,-1.1,3.3,79,235,9.5,,1021.8,
2011-01-25,0.2,-1.5,1.2,0.3,71,245,23.3,,1011,
2011-01-26,-0.1,-2,1,0.5,71,281,12,,1008.4,
2011-01-27,-2.8,-8.5,-1.5,0,89,345,12,,1018.6,
2011-01-28,-4.6,-7.6,-1.7,0.5,79,99,14.1,,1026.6,
2011-01-29,-8.1,-16,-3,0,79,78,10.7,,1024.8,
2011-01-30,-8.7,-13.5,-5.4,0,79,23,7.1,,1023.7,
2011-01-31,-9.6,-13.8,-7.4,0,79,232,5.6,,1027.3,
2011-02-01,-8.6,-10.8,-7.3,0,79,234,11.1,,1028.8,
2011-02-02,-6.4,-13.4,-2.5,0,79,243,18.3,,1030.3,
2011-02-03,-2.2,-6.1,-0.4,0,89,243,19.8,,1027.9,
2011-02-04,1.6,-3.3,5.1,0.5,41,241,31.5,,1024.5,
2011-02-05,6.9,3.8,9.2,0,,260,39,,1020.2,
2011-02-06,7.3,3.2,10.4,0,,260,22.8,,1023.1,
2011-02-07,5.6,1.6,10.4,0,,243,19.8,,1022,
2011-02-08,4.3,0.1,8.9,0,,265,20.6,,1020.7,
2011-02-09,1.2,-3.4,6.6,0,,257,11.3,,1025.5,
2011-02-10,1,-5,5.4,0,,199,10.1,,1022.2,
2011-02-11,6.5,0.9,9.9,0.5,,257,29.1,,1010.9,
2011-02-12,-0.7,-2.6,2.8,1.8,,46,14.9,,1020.3,
2011-02-13,-0.9,-2.5,-0.4,0,,138,10.7,,1017.3,
2011-02-14,-0.5,-1.4,0.2,0,,107,13.4,,1014.7,
2011-02-15,-0.6,-4.3,3.6,0,,125,18.5,,1009.1,
2011-02-16,-2.2,-4.8,-0.8,0,,136,11.1,,1007.3,
2011-02-17,0.6,-1,2,0,,112,13.1,,1005.7,
2011-02-18,0,-1.5,1.4,0,,349,7.2,,1013.8,
2011-02-19,-2.4,-3.7,-1.4,1.8,,9,16.8,,1019,
2011-02-20,-6,-9.5,-4.1,0,,37,16.4,,1021.5,
2011-02-21,-8.6,-11,-5.6,0,,67,9.2,,1022.7,
2011-02-22,-9.8,-13.8,-5.1,0,,40,10.5,,1021.8,
2011-02-23,-9.9,-13.7,-5.3,0,,355,8.1,,1029.2,
2011-02-24,-6.8,-13.8,-0.2,0,,183,6.9,,1031.4,
2011-02-25,-5.1,-10.8,0.3,0,,76,5.6,,1033.5,
2011-02-26,-3.2,-10.2,2.5,0,,143,8.7,,1025,
2011-02-27,-1.2,-7.1,4.1,0,,182,8.3,,1016.9,
2011-02-28,1.4,-5,8,0,,24,6.8,,1025.3,
2011-03-01,-0.2,-5.3,5.6,0,,81,13.8,,1033.2,
2011-03-02,-0.2,-6.9,7.1,0,,73,17.3,,1034.5,
2011-03-03,-0.7,-5.8,2.4,0,,107,15.9,,1032.7,
2011-03-04,0.4,-3.3,5.7,0,,174,6.9,,1032.4,
2011-03-05,0.5,-6.3,8.7,0,,309,9.8,,1024.2,
2011-03-06,-0.7,-4.4,4.1,0,,348,14,,1026.9,
2011-03-07,-2.4,-8,3.2,0,,85,10.8,,1037.6,
2011-03-08,-0.3,-8.7,7.8,0,,159,10.4,,1031.8,
2011-03-09,4.4,-5.8,13.3,0,,206,14.1,,1020.1,
2011-03-10,6.2,3.9,9.5,0,,248,19.1,,1016.3,
2011-03-11,7.8,3.4,11.6,0,,250,28.5,,1016.8,
2011-03-12,6.9,0.6,14.2,0,,155,13.4,,1014.4,
2011-03-13,6.5,-2.1,12.9,0,,39,6.9,,1009.2,
2011-03-14,8.3,1.7,14.2,0,,306,8.4,,1015,
2011-03-15,8.7,1.8,15.1,0,,62,13.1,,1018.8,
2011-03-16,8.8,2.8,15.3,0,,92,23.1,,1011.6,
2011-03-17,8.8,5.2,10.1,1.8,,79,17.3,,1003.3,
2011-03-18,2.7,0.4,4.6,20.1,,315,18.3,,1016.7,
2011-03-19,2.7,0.7,6.2,9.1,,346,16.1,,1028.4,
2011-03-20,1.8,-3.1,6.1,0,,304,11.4,,1034.2,
2011-03-21,3.7,-3.3,10.7,0,,251,6.5,,1036.3,
2011-03-22,6.1,-1,14.1,0,,299,8.1,,1036.3,
2011-03-23,7.2,1.2,14.4,0,,302,13.8,,1036.7,
2011-03-24,7.8,0.9,15.4,0,,289,16.4,,1033.1,
2011-03-25,8.9,1.9,15.6,0,,298,10.7,,1019.3,
2011-03-26,5.6,2.4,8.5,0,,341,14.4,,1014.6,
2011-03-27,3.9,-0.8,9.2,0,,138,7.2,,1016.9,
2011-03-28,6.2,-0.8,12.3,0,,272,11.4,,1013.1,
2011-03-29,6.6,-3,15.5,0,,238,9.6,,1016.9,
2011-03-30,9.5,1.3,17.5,0,,241,10.1,,1016.2,
2011-03-31,11.4,5.3,16.2,0,,240,21.3,,1018.5,
2011-04-01,13.2,10,18.7,0,,269,20.4,,1020.6,
2011-04-02,13.7,8.2,19.4,0,,204,12.2,,1020.7,
2011-04-03,14.8,5.3,22.4,0,,154,8.7,,1013.8,
2011-04-04,9.6,6.7,13.4,0,,268,15.2,,1016,
2011-04-05,9.9,3.8,14.6,5.8,,267,15.3,,1025.4,
2011-04-06,12.8,7.9,18.4,0,,258,20,,1025.9,
2011-04-07,15.8,10.8,23.1,0,,275,27.3,,1020.1,
2011-04-08,10.8,5.3,16.7,0,,308,27.8,,1018.7,
2011-04-09,8.8,6.2,12.8,0,,322,26,,1019.1,
2011-04-10,9.2,0.5,15.7,0,,319,18.5,,1023.1,
2011-04-11,11.8,3.8,18.1,0,,272,13.1,,1020.8,
2011-04-12,9.6,4.9,15.3,0,,294,24.9,,1013.7,
2011-04-13,4.6,3,5.5,0.3,,291,25.5,,1015.6,
2011-04-14,5.1,2.8,7.3,2.8,,319,18.3,,1016.9,
2011-04-15,6.6,3.9,9.7,0,,350,11,,1020.3,
2011-04-16,8.5,3.3,14.4,0.3,,342,5.1,,1022.9,
2011-04-17,9.2,1.4,15.2,0,,20,8.4,,1025,
2011-04-18,10.3,1.8,15.6,0,,82,9.2,,1023.7,
2011-04-19,11.7,2,18.2,0,,72,9.5,,1019.5,
2011-04-20,13.3,4.7,20.8,0,,72,8.9,,1018.2,
2011-04-21,14.5,6,22.1,0,,36,7.7,,1016.8,
2011-04-22,15.6,6.8,23.4,0,,92,11,,1013.5,
2011-04-23,15.9,5.8,23.6,0,,84,15,,1012.1,
2011-04-24,14.5,7.2,20.5,0,,36,15.5,,1015.3,
2011-04-25,9.2,5.1,13.7,0,,348,11.1,,1019.4,
2011-04-26,10,7.7,13.3,3.8,,43,9.9,,1018,
2011-04-27,10.3,2.9,14.6,0.5,,58,7.2,,1017,
2011-04-28,13.4,6,20.4,0.3,,56,9.8,,1014.4,
2011-04-29,14.1,8.2,21,0,,59,12.5,,1012.4,
2011-04-30,12.7,6.4,20.1,0,,60,13.7,,1010.2,
2011-05-01,11.1,6.6,16,0.5,,19,16.4,,1009.5,
2011-05-02,8.3,3.6,14.4,0,,37,12.9,,1009.7,
2011-05-03,2.9,-0.8,6.4,8.9,,7,17.3,,1011.8,
2011-05-04,4.8,-2.3,11.3,3,,267,12.2,,1019.9,
2011-05-05,6.6,-0.7,12.6,0.5,,284,8.4,,1025.6,
2011-05-06,10.7,2,18,0,,158,9.2,,1026,
2011-05-07,13.1,1.9,19.6,0,,104,10.5,,1024.5,
2011-05-08,12.4,3.8,18.9,0,,62,13.7,,1024.5,
2011-05-09,13.8,3.6,20.1,0,,98,11.3,,1028.4,
2011-05-10,16.4,7.2,23.9,0,,118,9.2,,1026.7,
2011-05-11,17.8,9.4,25.2,0,,143,6.5,,1021,
2011-05-12,15.3,10.8,22.6,0,,275,10.1,,1015.8,
2011-05-13,12.7,8.7,17.4,1.3,,333,14.3,,1020.3,
2011-05-14,13.3,6.4,18.4,0,,166,8.7,,1015.9,
2011-05-15,9.2,5.9,12.8,7.9,,316,14,,1017.8,
2011-05-16,10.2,2.9,14.7,0.8,,263,16.8,,1022.4,
2011-05-17,14.3,10.5,18.4,0,,247,17.3,,1020.9,
2011-05-18,16.9,7.9,23.4,0,,202,9.8,,1019.1,
2011-05-19,18.2,9.6,26.3,0,,170,8,,1016.4,
2011-05-20,17.9,9.8,24.5,0.3,,299,11.3,,1017.8,
2011-05-21,17.6,9.5,23.4,4.6,,,9,,1020.6,
2011-05-22,18.5,,26.7,0,,,,,,
2011-05-23,17,13.5,22.3,1,,,10.7,,1023.5,
2011-05-24,17.6,8.9,26.3,0,,258,14.6,,1021,
2011-05-25,13.3,6.8,18.9,0,,11,9,,1027,
2011-05-26,18.1,6.4,27.4,0,,172,12.9,,1016.1,
2011-05-27,14.2,10.6,19.2,2.8,,223,13.5,,1013.8,
2011-05-28,12.3,8.6,17.3,1.5,,279,10.7,,1017.2,
2011-05-29,15.8,7.6,22.7,0,,234,16.8,,1016.8,
2011-05-30,19.5,9,25.6,0,,160,14.1,,1017,
2011-05-31,20.1,12,27.4,0,,144,9,,1011.7,
2011-06-01,14.8,11.9,18.2,0.8,,2,21.9,,1019.5,
2011-06-02,14.5,11.3,19.3,0,,359,19.1,,1028.3,
2011-06-03,19.3,12.4,26.5,0,,23,14,,1026.8,
2011-06-04,20.1,11.5,28.3,0,,88,11,,1019.3,
2011-06-05,21.6,14.3,28.7,1.5,,129,15.8,,1009.8,
2011-06-06,18.9,14.8,27,0,,143,11.3,,1005.4,
2011-06-07,19.6,13,25.7,16.5,,193,12.5,,1006.1,
2011-06-08,20.2,15.9,25,0,,204,15.6,,1002.2,
2011-06-09,14.7,11.1,19,3.8,,315,14.7,,1012.3,
2011-06-10,15.4,8,21.1,0,,329,10.7,,1015.6,
2011-06-11,16.5,11.3,22.9,0,,213,8,,1015.1,
2011-06-12,14.8,13.1,19.3,7.1,,359,7.1,,1018.9,
2011-06-13,16.5,7.9,22.1,2.3,,232,7.5,,1017.2,
2011-06-14,18.1,14.4,23.3,0,,264,10.4,,1017.1,
2011-06-15,18.9,12.7,25.1,3.8,,240,10.1,,1017.5,
2011-06-16,21.2,14.6,27.3,0,,232,9.9,,1013.4,
2011-06-17,18.4,14.4,22.8,3.8,,240,12.8,,1013.9,
2011-06-18,15.2,11.8,17.4,6.4,,211,17.9,,1008.2,
2011-06-19,13.1,9.7,16.8,0,,246,22.5,,1010.7,
2011-06-20,14.6,11.5,20.2,3.8,,259,23.4,,1014.7,
2011-06-21,17.6,12.5,22.4,1,,239,16.5,,1015.2,
2011-06-22,20.6,15.3,29.5,4.3,,203,12.2,,1013.8,
2011-06-23,17.4,14,22.3,9.1,,245,16.7,,1016.3,
2011-06-24,14.4,11,20.2,0.8,,271,18.2,,1019,
2011-06-25,13.5,7.6,18.3,0,,292,15.2,,1023.7,
2011-06-26,15.8,11.4,21.5,1,,286,13.5,,1022.9,
2011-06-27,19.3,11.5,24.5,0.3,,346,11.9,,1022.2,
2011-06-28,19.6,11,25.3,0,,48,10.2,,1019.3,
2011-06-29,19.9,9.1,27.9,0,,337,7.4,,1014.7,
2011-06-30,16.7,12.2,22,0,,318,18.3,,1014.8,
2011-07-01,13.1,6.7,19,0,,303,16.8,,1018.5,
2011-07-02,12.6,8.6,16.6,0,,285,18.9,,1013.4,
2011-07-03,12.1,9.7,14.1,3.3,,269,25.2,,1007.7,
2011-07-04,15.9,12.5,20.5,5.3,,302,16.2,,1012.1,
2011-07-05,17.2,13.6,22.3,2,,337,12.2,,1013.6,
2011-07-06,19.3,10.5,26.9,0,,267,6.8,,1010.5,
2011-07-07,21.7,13.9,28,3.3,,220,9.8,,1010.3,
2011-07-08,18.6,16.2,23.3,0.5,,247,14.7,,1012.3,
2011-07-09,21.9,12.5,29.5,0.3,,215,8.4,,1016.4,
2011-07-10,21.4,15.5,27.6,11.9,,156,9,,1017,
2011-07-11,18.6,15.6,23,7.6,,319,17.1,,1017.3,
2011-07-12,19.2,10.8,25,0,,135,10.2,,1017.5,
2011-07-13,20.7,15.6,26.5,8,,105,11.3,,1009,
2011-07-14,16.7,13.3,19.5,11.7,,240,18.6,,1013.6,
2011-07-15,16.4,11.9,21.6,1,,238,18,,1017.7,
2011-07-16,18.1,11.3,24,0,,211,11.1,,1013.9,
2011-07-17,20.5,12.7,30.1,0,,178,14.3,,1003.4,
2011-07-18,15.6,11.8,20.6,3.8,,235,15.8,,1007.2,
2011-07-19,17.9,10.4,24,0,,123,11.3,,1006.3,
2011-07-20,16.1,13.9,19.6,27.7,,328,14.9,,999.7,
2011-07-21,14.4,13.4,15.6,34,,299,18.5,,1004.7,
2011-07-22,14.3,12.7,17.5,4.8,,286,17.3,,1006,
2011-07-23,13.8,8.6,20,0,,262,17.9,,1008.8,
2011-07-24,14.2,8.1,19.6,0,,248,12.2,,1009.6,
2011-07-25,14.8,9.6,19.4,0.3,,274,12.2,,1010.5,
2011-07-26,16.6,11.5,21.1,0,,173,8.6,,1013.2,
2011-07-27,17.4,14.2,22.6,0,,195,6.6,,1016.7,
2011-07-28,17.2,11,22.7,0.8,,336,9.9,,1016.3,
2011-07-29,17.2,14.6,21.4,0,,308,12.9,,1015.4,
2011-07-30,12.9,12.2,14.9,2.8,,275,17.7,,1011.8,
2011-07-31,13.6,12.4,15.3,20.6,,297,14.4,,1013.2,
2011-08-01,16.1,12.9,20.3,1.5,,325,7.7,,1016.2,
2011-08-02,17.9,11.2,24.4,0.5,,41,8.3,,1018.8,
2011-08-03,20.2,11.7,26.5,0,,105,8.4,,1017.7,
2011-08-04,19.6,17.7,24.2,,,249,11.4,,1014.8,
2011-08-05,19.5,15.7,24.4,0.3,,238,9.5,,1014.4,
2011-08-06,21.1,16.2,26.4,0,,152,8.4,,1009.4,
2011-08-07,18.4,15.1,21.2,0,,221,12.9,,1006.7,
2011-08-08,17.3,13.9,23.5,4.6,,230,18,,1008.2,
2011-08-09,15.1,11.7,20.3,0.3,,254,24.2,,1015,
2011-08-10,12.7,9.9,17,3.3,,270,17.4,,1022.1,
2011-08-11,16.9,10.2,23,0,,234,21.8,,1016.7,
2011-08-12,18.9,14.4,24.8,,,234,15.5,,1011.9,
2011-08-13,17.9,15.1,22.3,0.5,,249,13.2,,1010.6,
2011-08-14,19.7,13.4,26.6,1.8,,198,12.9,,1009.3,
2011-08-15,16.6,14.3,19.2,3.3,,283,9.6,,1013.7,
2011-08-16,16.7,11,21.4,10.9,,198,8.4,,1018.7,
2011-08-17,19.1,13.4,25,0,,304,8.6,,1017.6,
2011-08-18,22.2,15,29.2,0,,,8,,1015.5,
2011-08-19,20.2,16.4,25.1,0.3,,243,17.4,,1014.8,
2011-08-20,17.6,10.6,23.6,9.7,,269,9.5,,1022.1,
2011-08-21,20.1,11,28.4,0,,169,8.1,,1019.7,
2011-08-22,23.1,16.6,29.3,0,,346,8.4,,1017,
2011-08-23,23.3,16.6,29.6,0,,58,10.2,,1016.2,
2011-08-24,24.4,19.2,29.9,0,,103,9.3,,1014.2,
2011-08-25,21.7,16.9,27.2,11.4,,149,11.6,,1015.4,
2011-08-26,23.8,16.3,30.6,0,,98,11.1,,1009.8,
2011-08-27,16.2,10.4,24.2,0,,240,20.9,,1012.1,
2011-08-28,14.6,9.4,20.4,7.1,,236,14.6,,1020.2,
2011-08-29,15.6,9.4,21.5,0,,244,15.6,,1015.6,
2011-08-30,13.4,8.9,18.2,0,,275,12.5,,1015.7,
2011-08-31,13.6,6.6,20.3,0,,,7.2,,1015.3,
2011-09-01,15,8.7,22,0,,46,6.2,,1014.8,
2011-09-02,16.4,10.1,24.3,0,,258,9.8,,1014.7,
2011-09-03,19.7,12.5,26.7,0,,163,9,,1015,
2011-09-04,20.8,12.9,26.7,0,,98,6.8,,1011.8,
2011-09-05,17.8,13.6,21.4,0,,282,13.8,,1012.2,
2011-09-06,15.2,10.5,20.1,10.9,,230,17,,1021.7,
2011-09-07,15.3,12.9,18.3,0,,237,19.7,,1012.5,
2011-09-08,12.9,11.8,14.3,0.8,,254,24.2,,1010.3,
2011-09-09,15.1,10.5,19.6,1.3,,250,17.3,,1012.8,
2011-09-10,19.3,15,24.4,0,,188,9.5,,1014.4,
2011-09-11,21,13.1,28.5,0,,171,8.7,,1012,
2011-09-12,17.7,15.2,21.9,0,,250,18.2,,1014,
2011-09-13,18.1,12.6,22.8,0,,233,17.6,,1013.8,
2011-09-14,16.3,9.8,20.7,0,,279,16.7,,1016,
2011-09-15,13,7.4,19.2,0,,273,13.5,,1020.3,
2011-09-16,13.6,7.5,19.8,0,,101,7.8,,1020.1,
2011-09-17,17.5,9.6,24.5,0,,183,8.1,,1014.4,
2011-09-18,14.2,10.1,17.6,0.3,,205,12.2,,1007,
2011-09-19,10.6,9.5,11.5,14,,287,10.2,,1013.7,
2011-09-20,12.4,10.2,15.7,3.3,,297,9.6,,1023,
2011-09-21,14.7,9.6,19.2,0,,200,5.9,,1021.9,
2011-09-22,15.1,11.3,19.1,0,,254,15.8,,1018.9,
2011-09-23,13.2,10.1,18.2,0,,282,9.9,,1019.5,
2011-09-24,12.1,6.5,18.8,0,,130,8.1,,1020.1,
2011-09-25,13.6,5.6,21,0,,129,5.6,,1021.5,
2011-09-26,15.6,8.1,24.9,0,,,7.7,,1024.9,
2011-09-27,16.7,9.8,24.4,0,,320,9.5,,1028.4,
2011-09-28,15.1,11.8,20.4,0,,16,6,,1031.5,
2011-09-29,14.6,8.5,23,0,,,6.2,,1030.7,
2011-09-30,16.2,8.3,23.4,0,,56,7.4,,1029.4,
2011-10-01,16,7.3,23.8,0,,3,5.1,,1028,
2011-10-02,16.2,8.1,24.1,0,,,6.9,,1026.1,
2011-10-03,16.2,9.2,24.1,0,,243,12.3,,1022.6,
2011-10-04,17.1,12.4,23.1,0,,247,19.2,,1020.5,
2011-10-05,15.2,11.1,18.6,0,,242,17.6,,1020.8,
2011-10-06,16.1,10.6,20.5,0,,230,22.2,,1013.2,
2011-10-07,8.4,5.2,11.4,1.5,,270,15.7,,1009.6,
2011-10-08,6.7,4.9,9.9,0.5,,275,19.2,,1010.1,
2011-10-09,6.3,3.6,10.8,0.5,,299,16.7,,1019.5,
2011-10-10,10.1,2.7,15.2,0.5,,238,22.8,,1016.1,
2011-10-11,14.8,13.3,17.2,0.8,,257,29.9,,1014.6,
2011-10-12,9.3,7.8,13.8,1.3,,285,15.8,,1017.5,
2011-10-13,6.9,4.1,11.6,4.1,,309,12.9,,1026.2,
2011-10-14,4.3,0.5,8.8,0,,11,11.9,,1034.4,
2011-10-15,3.8,-2.2,9.9,0,,99,7.2,,1035,
2011-10-16,4.7,-0.5,10.8,0,,129,9.2,,1031.9,
2011-10-17,4.7,-1.1,11.2,0,,162,8.1,,1026.2,
2011-10-18,9.7,2.2,17.5,0,,203,15.6,,1016.2,
2011-10-19,6.2,5.2,12.7,4.1,,270,12.3,,1015.9,
2011-10-20,4.9,1.1,9.8,4.8,,260,18,,1023.6,
2011-10-21,2.8,-1,9.9,0,,228,9.6,,1030.1,
2011-10-22,0.6,-2.7,3.9,0,,65,7.1,,1029.8,
2011-10-23,2.9,-2.7,7.1,0,,76,9.5,,1025.3,
2011-10-24,8.5,3.3,12.1,0,,115,20.6,,1019,
2011-10-25,8.1,6.8,9.1,0.5,,107,18.9,,1012.5,
2011-10-26,9.8,8.4,10.7,0.3,,142,9,,1015.7,
2011-10-27,8.8,8.3,9.6,6.6,,114,13.1,,1020.6,
2011-10-28,8.7,6.9,10.8,0,,184,7.8,,1025.2,
2011-10-29,6.1,2.7,9.6,0,,304,6.2,,1029,
2011-10-30,7.8,5.4,11.7,0,,171,6.5,,1025.4,
2011-10-31,7.1,3.2,9.1,0,,118,6.6,,1023.6,
2011-11-01,7.2,5.9,9.5,0,,161,7.5,,1020.9,
2011-11-02,5.8,5.3,6.6,,,174,7.4,,1020.4,
2011-11-03,6.2,5.4,6.9,0,,150,8.3,,1015,
2011-11-04,6.8,5.4,7.6,0,,144,8.3,,1012,
2011-11-05,8.1,6.1,10.4,0,,130,8.7,,1012.8,
2011-11-06,8.8,4.3,14.4,0,,99,12.2,,1016.3,
2011-11-07,7.5,4,12.1,0,,97,16.1,,1020.8,
2011-11-08,7.7,3,8.8,0,,114,10.4,,1023,
2011-11-09,7.8,6.9,8.3,0,,132,5.1,,1023.9,
2011-11-10,5.6,0.9,7.4,0,,95,10.1,,1026,
2011-11-11,-0.7,-4,2.3,0,,84,15.6,,1031.6,
2011-11-12,-0.2,-4.8,5.4,0,,75,9,,1036.8,
2011-11-13,-0.2,-4.5,6.4,0,,339,5.1,,1037.3,
2011-11-14,-1.4,-5.3,7.5,0,,203,6,,1030.6,
2011-11-15,-3.4,-5.9,-1.6,0,,53,5.4,,1026.6,
2011-11-16,-2.2,-3.6,-1.5,0,,85,8,,1027.6,
2011-11-17,-0.3,-1.8,1.7,0,,172,8.6,,1026.4,
2011-11-18,4.1,-0.3,7.6,0,,234,9.2,,1025.9,
2011-11-19,4.1,-0.6,7.5,0,,201,5.7,,1025.4,
2011-11-20,1.7,-1.6,5.3,0,,195,8.3,,1025.8,
2011-11-21,2.8,1.6,4.4,0,,135,5.9,,1022.6,
2011-11-22,0.3,-1.8,3.6,0,,36,7.1,,1024.2,
2011-11-23,-1.4,-2.4,-0.5,0,,132,4.5,,1030.9,
2011-11-24,-0.9,-1.5,-0.5,0,,215,5.9,,1036,
2011-11-25,-1.3,-2.1,-0.5,0,,174,8.6,,1031.4,
2011-11-26,2.3,-1,4.4,0,,236,24.6,,1029.8,
2011-11-27,5.4,1.9,10.2,0,,233,24.9,,1021.6,
2011-11-28,4.5,-0.2,8,0,,218,13.8,,1028.8,
2011-11-29,-0.1,-4.9,4.3,0,,150,9.3,,1026.2,
2011-11-30,0.8,-3.6,3.2,0,,142,6,,1028.4,
2011-12-01,3.9,1.6,6.3,1,,136,8,,1024.3,
2011-12-02,3.5,-1.5,8.2,0,,162,8.4,,1015.2,
2011-12-03,5.1,2.5,7.5,2.5,,206,21.6,,1012.4,
2011-12-04,7.6,5.6,10.6,0,,227,26.6,,1003.1,
2011-12-05,3.7,1.3,8.4,13,,244,26,,1001.2,
2011-12-06,1.9,0.3,4,1,,232,22.5,,1008.4,
2011-12-07,2.3,0.5,4.1,0,,228,26.6,,1006.1,
2011-12-08,3.1,2,4.6,2,,247,29.6,,1016.4,
2011-12-09,5.7,1.1,8.7,0,,230,26,,1010.7,
2011-12-10,1.2,-0.5,4.4,0,,236,20.6,,1014.9,
2011-12-11,-0.6,-4.2,2.8,0,,192,13.2,,1020,
2011-12-12,1.5,-1.5,3.9,0,,173,11.9,,1013.6,
2011-12-13,3.4,-1,6.4,0,,191,15.6,,1011.5,
2011-12-14,7,4.5,11.3,0,,197,21.2,,1007.5,
2011-12-15,3.3,0.9,6.2,0.8,,207,19.8,,1010.6,
2011-12-16,3.8,1.7,9.1,0,,197,27.2,,989.8,
2011-12-17,2.2,0.7,4.5,4.8,,267,27.5,,994.7,
2011-12-18,0.8,-0.7,2.4,0.3,10,237,24.5,,1008.4,
2011-12-19,-0.9,-2.8,0.5,0,10,235,17.7,,1018.3,
2011-12-20,-1.4,-4.3,1,0,10,194,11.3,,1014.3,
2011-12-21,1,-1.3,2.5,0,10,251,20.1,,1013.5,
2011-12-22,0.9,-1,2.5,2.3,10,239,13.5,,1022.3,
2011-12-23,4.7,1.1,7,0.3,,232,15.9,,1021.6,
2011-12-24,4.7,3.1,6.6,0,,249,22.8,,1017.8,
2011-12-25,2.6,0.5,4.1,0,,247,24.5,,1032,
2011-12-26,5.6,3.2,7.8,0,,243,21.8,,1035.7,
2011-12-27,5.4,4.8,6,,,238,11.7,,1036.7,
2011-12-28,3.8,2.2,4.7,0,,204,13.2,,1029.4,
2011-12-29,3.1,0.2,5.1,0,,237,27.2,,1019.8,
2011-12-30,1.7,0.5,2.9,0,,240,27.5,,1008.5,
2011-12-31,0.8,-1.2,2.8,2,10,215,14.1,,1015.6,
2012-01-01,5.8,0.1,9.2,0.3,,216,15.8,,1015.1,
2012-01-02,8.8,6.3,11.1,0.3,,214,17,,1011.4,
2012-01-03,5.4,3.5,7.6,0.3,,225,24.9,,1018.4,
2012-01-04,5.3,2.5,7.8,0.5,,242,30,,1012.2,
2012-01-05,3.6,2.6,5.4,0.3,,238,40.7,,993.6,
2012-01-06,2.1,1.2,3.9,1.5,,298,29.6,,1005.5,
2012-01-07,2.2,0.7,3.1,0,,244,27.3,,1014.6,
2012-01-08,2.9,1.9,4.5,1.5,,262,20.9,,1015.3,
2012-01-09,2.4,1.1,4,1,,273,17.7,,1023.9,
2012-01-10,3.6,1.4,5,2.3,,280,22.5,,1028.6,
2012-01-11,4.3,1.4,6.7,0,,245,19.8,,1031.6,
2012-01-12,5.3,0.9,7.4,0.3,,240,30.2,,1022.8,
2012-01-13,1.1,-0.3,3,1,10,280,25.2,,1017.7,
2012-01-14,0.5,-0.4,1.6,0.3,10,306,25.7,,1020.4,
2012-01-15,-1.3,-3.1,0.8,0,,325,17.9,,1024.1,
2012-01-16,-3.1,-6.8,-0.6,0,,278,12.8,,1027.1,
2012-01-17,0.6,-1.1,1.5,0.5,10,283,17.1,,1027.2,
2012-01-18,0.3,-3.9,3.5,0,,241,20.6,,1029.1,
2012-01-19,2.6,0.3,5.4,2.8,,242,27.8,,1016.2,
2012-01-20,1.4,-0.3,3.1,4.8,,253,20.4,,1011,
2012-01-21,0.8,-0.8,3.4,2.3,30,236,22.8,,1009.6,
2012-01-22,3.1,0.9,4.4,9.4,,254,31.8,,1003.6,
2012-01-23,3,1.4,5.4,2.3,,261,24.5,,1011.3,
2012-01-24,0.4,-0.9,3,0,10,271,11.6,,1017.7,
2012-01-25,-1.1,-2.9,0.9,5.6,41,126,6.5,,1024.6,
2012-01-26,-3.8,-6.8,-0.8,0,41,62,9,,1026.2,
2012-01-27,-5.3,-10.6,-1.8,0,30,138,8,,1028.2,
2012-01-28,-3.7,-6.3,-1.9,0,30,86,9,,1030.1,
2012-01-29,-3.7,-7.3,-0.6,0,30,88,15.9,,1030.8,
2012-01-30,-5.4,-8.3,-0.3,0,30,83,18.5,,1031.4,
2012-01-31,-7.4,-10.7,-2.9,0,30,87,21.9,,1030,
2012-02-01,-10.2,-13.6,-5.6,0,30,63,18,,1031.7,
2012-02-02,-13.2,-17.5,-8.6,0,30,42,14,,1034.2,
2012-02-03,-14.3,-18.6,-9.2,0,30,333,6.6,,1036.5,
2012-02-04,-12.9,-15.7,-8.1,0,30,336,11.7,,1038.4,
2012-02-05,-12.8,-15.3,-8.9,0,30,11,9.8,,1037.1,
2012-02-06,-14.9,-19.2,-11,0,30,344,12,,1036.5,
2012-02-07,-13,-14.8,-10.6,0,41,353,20.7,,1036.3,
2012-02-08,-11.2,-14.6,-6.7,0.3,41,329,8.3,,1038.8,
2012-02-09,-9.3,-14.2,-6.6,0,79,303,14,,1032.7,
2012-02-10,-13.3,-17.6,-8.7,1.3,79,344,11,,1039.3,
2012-02-11,-15.9,-19.4,-9.9,0,79,326,8.1,,1036.6,
2012-02-12,-14.4,-21,-5.4,0,79,234,8.9,,1032.8,
2012-02-13,-7.8,-14.8,-4.6,0,79,240,17.3,,1022.7,
2012-02-14,-4.4,-8.6,-1.4,0,71,229,15,,1015.7,
2012-02-15,0.2,-2.9,2.1,0.5,89,284,37.8,,1000.5,
2012-02-16,-1.3,-3.2,0.6,0,79,297,23.3,,1019,
2012-02-17,1.8,-3.5,3.6,0,30,253,24.3,,1018.9,
2012-02-18,2.9,1.2,5.3,1.8,,231,21.3,,1018.5,
2012-02-19,2.5,-0.3,4.1,0.5,,237,19.4,,1015.6,
2012-02-20,-0.5,-3.5,2.1,1,,267,12.6,,1032.6,
2012-02-21,-0.6,-5.5,3,0,,222,17.4,,1032.5,
2012-02-22,2.5,0.7,6.3,0,,222,18,,1030.4,
2012-02-23,3.8,0.6,5.4,0,,235,27.8,,1021.1,
2012-02-24,6.8,4,10.1,0,,246,31.5,,1021.1,
2012-02-25,5.8,3.6,9.2,0,,286,23.7,,1019.8,
2012-02-26,2.2,-1.2,4.4,0,,301,20.3,,1019.9,
2012-02-27,0.7,-4,5,1,,275,14.4,,1025.3,
2012-02-28,4.3,1.3,7,0,,253,24.8,,1019.9,
2012-02-29,9.5,5.4,12.1,1,,303,15.8,,1021.3,
2012-03-01,8.8,5.7,13.7,0,,269,9.9,,1024.7,
2012-03-02,5.6,1.9,10.4,0,,325,11.9,,1026.8,
2012-03-03,2.8,-1.4,7.8,0,,92,10.5,,1028.1,
2012-03-04,1.9,-1.7,7.8,0,,66,8,,1024.4,
2012-03-05,1,-5.1,8,0,,100,11.3,,1022,
2012-03-06,-0.2,-4.2,5,0,,84,10.4,,1027.5,
2012-03-07,0,-6.9,6.2,0,,152,8.4,,1026,
2012-03-08,2.4,0,4.5,0.8,20,252,16.4,,1021.7,
2012-03-09,2.8,-1.3,8.1,1,,274,10.5,,1036.7,
2012-03-10,4.8,-0.7,10.2,0,,241,19.7,,1033.8,
2012-03-11,5.9,5,7.5,0.5,,296,21.8,,1027.4,
2012-03-12,6.6,4.3,8.5,0.3,,296,19.2,,1026,
2012-03-13,6.3,5.3,8,0,,302,15.9,,1029.6,
2012-03-14,4.9,4,6.4,0,,308,15,,1030.5,
2012-03-15,4.8,0.6,9.6,0,,189,8.6,,1030.8,
2012-03-16,9.6,-0.2,20.3,0,,214,9.9,,1024.4,
2012-03-17,11.9,1.9,21.7,0,,216,11,,1018.7,
2012-03-18,12.5,3.5,20.1,0,,199,13.5,,1015.1,
2012-03-19,5.7,1.4,9.4,2.8,,303,14.6,,1026.7,
2012-03-20,5.4,-1.9,13.3,0,,247,11.6,,1035,
2012-03-21,8.6,0.5,16.6,0,,,10.2,,1035.4,
2012-03-22,8.7,2.9,14.6,0,,23,8,,1032.8,
2012-03-23,10.3,4.7,17,0,,19,7.4,,1027.3,
2012-03-24,10.7,3.6,17.8,0,,338,8.1,,1026,
2012-03-25,10.9,5.3,18.3,0,,300,16.3,,1027.7,
2012-03-26,7.4,1.2,13.6,0,,353,11.6,,1033,
2012-03-27,9.6,1,18.1,0,,280,18.6,,1030,
2012-03-28,12.1,5.4,18.5,0,,277,18.3,,1025.5,
2012-03-29,8.3,5.3,10.5,0,,293,25.1,,1015.3,
2012-03-30,6.5,4.3,9.2,2.5,,292,23.7,,1011,
2012-03-31,5.6,0.2,8.5,1,,289,32.6,,1006.4,
2012-04-01,3.7,-0.1,8.2,0.5,,290,18.5,,1014.3,
2012-04-02,6.1,1.1,10.1,0,,282,17.1,,1009.9,
2012-04-03,10.1,3,17.2,0,,132,9.6,,1006,
2012-04-04,11.5,6.5,16.9,0,,264,18.8,,1006.1,
2012-04-05,5.4,3.5,7.3,0,,13,16.8,,1014.7,
2012-04-06,3.4,1.9,5.1,3.3,,324,9.9,,1011.3,
2012-04-07,2.8,-0.3,6.4,0,,274,17.4,,1004.5,
2012-04-08,0.2,-2.6,3.5,0.3,,321,18.6,,1011.9,
2012-04-09,3.6,-5.2,11,0,,211,16.7,,1011.4,
2012-04-10,9.5,3.7,16.1,0,,161,12.8,,1003.5,
2012-04-11,9.1,2,15.7,0.3,,18,10.7,,998.8,
2012-04-12,6,3.9,9.7,9.4,,335,14.9,,1002.7,
2012-04-13,7.4,3,13.1,5.1,,294,11.3,,1004.5,
2012-04-14,7.6,1.7,13.5,0,,8,12,,1003.9,
2012-04-15,6.9,5.7,9.4,0.3,,351,19.7,,1003.6,
2012-04-16,4.9,3.5,6.5,11.2,,336,24.5,,1011.6,
2012-04-17,4.1,-0.2,8.5,0.8,,229,8.7,,1014.2,
2012-04-18,6.2,-1.1,12.1,0,,149,9.6,,1002.1,
2012-04-19,8.1,0.8,14.6,0,,83,9.3,,995.4,
2012-04-20,8.5,1.3,14.2,5.6,,241,10.1,,997.3,
2012-04-21,9.6,6.2,15.4,0.3,,221,17.1,,1003.5,
2012-04-22,7.9,4.4,12,0.3,,228,16.5,,1007.4,
2012-04-23,8.4,2.4,14.8,4.6,,210,14.1,,1007.8,
2012-04-24,9.4,2.4,14.9,0,,114,14,,999.3,
2012-04-25,10.6,5.7,16.1,4.8,,209,18.3,,1005.6,
2012-04-26,15.4,4.2,23.7,0,,154,11.7,,1009.4,
2012-04-27,18.5,8.1,26.9,0,,128,9.5,,1015.7,
2012-04-28,20.1,10.2,27.5,0,,122,12.2,,1016.1,
2012-04-29,21.4,14.5,28.1,0,,167,12.3,,1009.1,
2012-04-30,19,13.7,24.5,0,,4,15.3,,1013.4,
2012-05-01,20.2,11.7,27.7,0,,59,7.5,,1013.4,
2012-05-02,19.8,10,28.4,0,,83,9.2,,1011.5,
2012-05-03,16.4,12.4,20.1,0,,291,11.7,,1009.3,
2012-05-04,15.2,7.9,21.5,0.3,,265,7.7,,1006.1,
2012-05-05,13.9,6.8,22.3,0,,215,10.5,,1004,
2012-05-06,11.1,8.7,14.7,1.8,,308,13.8,,1009.3,
2012-05-07,11,7.9,14.9,7.1,,345,7.2,,1016.5,
2012-05-08,13.3,6.7,20.1,0.8,,100,9.6,,1017.8,
2012-05-09,16.3,8.8,23.3,0,,196,8.3,,1016.9,
2012-05-10,18.8,11.8,25.1,0,,223,11.7,,1021.6,
2012-05-11,21.8,14.1,29.5,0,,192,11.6,,1020.9,
2012-05-12,11.2,6.5,20.4,5.1,,328,17.3,,1026.1,
2012-05-13,6.4,2.4,9.2,0.5,,334,13.4,,1030.1,
2012-05-14,8.1,0.6,14.6,0,,11,6,,1022.4,
2012-05-15,10.5,5.5,16.9,0,,213,7.5,,1011.3,
2012-05-16,7.9,5.8,11.9,1.3,,292,16.8,,1015.1,
2012-05-17,7,2,12.1,0.5,,323,15.2,,1022.3,
2012-05-18,9.4,0.7,15.9,0,,142,12.9,,1017.3,
2012-05-19,14.6,4.3,22.6,0,,112,10.8,,1014.8,
2012-05-20,17.8,8.6,25.4,0,,103,15.5,,1009,
2012-05-21,20.1,10.4,25.5,0,,124,22.7,,1002.7,
2012-05-22,20,15.8,26.5,0,,86,16.4,,1006.1,
2012-05-23,21.3,13.2,28,0,,7,13.4,,1015.8,
2012-05-24,19,15.3,23.5,0,,2,18.8,,1022.7,
2012-05-25,15.3,7.9,21.1,0,,18,14.6,,1024.1,
2012-05-26,15.6,6.4,21.3,0,,25,11.3,,1022,
2012-05-27,16.1,8.9,22,0,,9,8.4,,1019.1,
2012-05-28,15.3,9.8,21.5,0,,250,10.1,,1013.7,
2012-05-29,16.9,8.6,23.5,0.3,,272,14,,1011.4,
2012-05-30,16.1,8,22.8,1,,292,14,,1015.3,
2012-05-31,15.7,7.5,22.2,0,,277,11,,1016.5,
2012-06-01,13,10,17.5,7.1,,279,21.5,,1012.3,
2012-06-02,12,6.4,17.8,1.5,,300,14,,1014.9,
2012-06-03,14.6,5.1,22.3,0,,176,9.5,,1009.1,
2012-06-04,14.6,12.5,17.5,6.1,,337,9.6,,1009.2,
2012-06-05,9.9,6.4,13.3,1,,283,16.7,,1014.3,
2012-06-06,10.8,2.4,17.6,0,,166,8.8,,1013.1,
2012-06-07,17.8,10.9,24.4,0,,221,11.1,,1008.2,
2012-06-08,18.3,14.3,25.2,0,,232,17.4,,1008.3,
2012-06-09,16.7,13.9,21.4,1.3,,233,18.2,,1013.9,
2012-06-10,12.6,9.5,15.5,0,,280,8.6,,1011.8,
2012-06-11,14,9.3,20.4,4.1,,176,7.8,,1005.7,
2012-06-12,14.6,9.7,21,0.5,,26,8.4,,1002.8,
2012-06-13,14.8,11.9,19,0.5,,270,14.7,,1009,
2012-06-14,12.3,10.2,14.3,0.3,,319,11.1,,1018.3,
2012-06-15,16.3,5.8,24.2,5.1,,176,7.8,,1019.7,
2012-06-16,22,12.5,31.3,0,,180,8.6,,1016.3,
2012-06-17,20.1,13.3,26.8,0,,290,12.8,,1020.8,
2012-06-18,22.8,12.6,32.6,0,,75,9.3,,1016.3,
2012-06-19,19.6,15.2,24.5,0,,27,12.6,,1019,
2012-06-20,21.5,15.7,29.4,1.3,,10,10.1,,1012.7,
2012-06-21,19.8,15.7,26.6,9.9,,259,13.7,,1010.3,
2012-06-22,18.9,13.2,25,0,,269,13.8,,1016.3,
2012-06-23,17.4,9.3,24.6,0,,254,11,,1022.9,
2012-06-24,20.2,10.4,27.1,0,,223,13.7,,1016.7,
2012-06-25,15.8,13.3,20.4,0,,265,20,,1013.3,
2012-06-26,14.3,10.2,20.5,0.3,,288,17.1,,1019.1,
2012-06-27,16.8,7.3,24.2,0,,245,15.6,,1019,
2012-06-28,20.7,14.7,27,3.3,,251,8.4,,1013.7,
2012-06-29,24.6,16.9,31.7,0,,154,9.2,,1011.2,
2012-06-30,25.7,17.7,32.4,0,,117,11.7,,1011.7,
2012-07-01,22.3,16.4,28.2,2.3,,265,15.5,,1014.7,
2012-07-02,18.9,13.8,24.7,11.7,,26,14.7,,1018.9,
2012-07-03,18.4,15.6,24,24.6,,3,11.1,,1016.8,
2012-07-04,20.1,16.3,25.3,11.7,,24,9.3,,1014.8,
2012-07-05,21.8,16.4,30.8,0,,26,8,,1011,
2012-07-06,22,16.1,29.5,1.8,,228,7.8,,1010.5,
2012-07-07,18.9,15.8,24.5,0.8,,312,8.4,,1012.9,
2012-07-08,20.6,13.5,28.1,28.7,,152,9.3,,1011.2,
2012-07-09,19.4,14,24.9,0.3,,241,14.1,,1013,
2012-07-10,19.9,13.4,26.4,0,,217,12.5,,1013.2,
2012-07-11,19,13.9,25.1,0,,230,17,,1012.9,
2012-07-12,15,9.8,19.3,0.3,,245,20.3,,1014.6,
2012-07-13,13.5,8.2,19.7,0.8,,198,12.6,,1012.6,
2012-07-14,17.9,12.3,24,0.8,,221,20.9,,1006.5,
2012-07-15,14.6,10.9,21.5,0,,233,16.4,,1013.1,
2012-07-16,13.7,10.4,19.2,9.4,,256,15.6,,1021.8,
2012-07-17,15.1,11.3,20.1,7.1,,239,22.7,,1019.6,
2012-07-18,18.1,12.8,24.7,2.5,,235,19.4,,1017.1,
2012-07-19,19.7,15,25,0,,233,23.3,,1009,
2012-07-20,16,13.8,20.6,0,,243,17.3,,1014.1,
2012-07-21,14,12.1,18.9,1.5,,301,9.8,,1018.4,
2012-07-22,13.2,10.6,17.4,5.6,,333,10.7,,1026.1,
2012-07-23,16.5,8.4,23,0.5,,49,11,,1028.1,
2012-07-24,20.7,12.3,27.5,0,,83,15.6,,1020.6,
2012-07-25,19.5,15.6,24.6,0,,223,9.8,,1015.2,
2012-07-26,22.7,17.3,29.2,2.5,,336,9.5,,1014.8,
2012-07-27,24.6,16.9,31.3,0,,163,9,,1013.8,
2012-07-28,24.2,18.5,32,0,,191,11.7,,1008.7,
2012-07-29,20.1,15.7,25.5,0.3,,253,14.4,,1010.5,
2012-07-30,18.1,11,23.9,1,,241,14.4,,1017.5,
2012-07-31,19.7,14.8,24.2,0,,280,8.1,,1018.5,
2012-08-01,20.9,13.8,27.2,0,,39,7.7,,1017,
2012-08-02,23.3,13.5,30.5,0,,156,8.9,,1013.2,
2012-08-03,20.5,16.8,26.2,1.5,,214,10.5,,1015.4,
2012-08-04,21.1,13.5,27.4,0,,196,8.7,,1014.8,
2012-08-05,22.7,15.2,30.2,0,,194,8.3,,1010.8,
2012-08-06,21,17.1,28.2,0.3,,243,14,,1011.2,
2012-08-07,17.5,13.5,21.2,6.4,,241,22.7,,1019.7,
2012-08-08,17,12.8,21.8,0.8,,274,11.7,,1022.7,
2012-08-09,16.4,10.4,22.6,0,,260,9.5,,1023.2,
2012-08-10,15.6,12.6,19.2,2.8,,335,11.4,,1023.8,
2012-08-11,14.2,10.9,18.2,0.3,,332,15,,1022,
2012-08-12,15.3,7.9,21.2,0,,12,9.6,,1018.8,
2012-08-13,15.1,7.7,21.5,0,,52,8.3,,1017.6,
2012-08-14,16.3,7.3,23.2,0,,23,8.1,,1016.5,
2012-08-15,18.2,8.8,26.1,0,,342,8,,1015.3,
2012-08-16,17.2,11.3,23.6,0,,302,8.1,,1016.6,
2012-08-17,17.9,11.8,24.4,2,,333,10.2,,1021.7,
2012-08-18,20.2,11.7,28.2,0,,86,7.2,,1022.6,
2012-08-19,24.2,13.5,33.3,0,,167,7.5,,1021.4,
2012-08-20,27.8,17.4,37.4,0,,232,12.8,,1017.3,
2012-08-21,24.9,19.2,30.6,1,,193,10.8,,1017.2,
2012-08-22,22.6,19.1,29.4,0.8,,270,13.1,,1013.9,
2012-08-23,20.1,13.7,27.1,0.3,,15,8.3,,1014.9,
2012-08-24,20.6,14.7,28,0.5,,230,16.7,,1009.2,
2012-08-25,21.4,17.4,27.8,1,,220,19.5,,1009.4,
2012-08-26,18.2,14.7,23.4,2,,246,23.7,,1012.1,
2012-08-27,16.3,13.2,21.6,0,,297,14.9,,1020,
2012-08-28,18.6,9.4,26.5,0,,162,10.4,,1019.1,
2012-08-29,20.7,16.3,27.8,0.5,,208,12.3,,1019.1,
2012-08-30,21.2,14.3,28.8,1.5,,199,9.9,,1016,
2012-08-31,14.6,13.5,16.2,37.1,,285,13.4,,1016.7,
2012-09-01,14.9,13,17.4,5.3,,349,11.7,,1022.2,
2012-09-02,14.9,12.2,19,0,,14,9.2,,1024.5,
2012-09-03,16.6,12.3,20.8,0,,347,8.4,,1023.1,
2012-09-04,16.8,11.4,22.5,0,,356,6.2,,1021.4,
2012-09-05,17.1,11.3,23.6,0,,311,9.3,,1019.1,
2012-09-06,13.9,9.6,17.4,0.5,,333,15.8,,1024.1,
2012-09-07,15,6.5,21.3,0,,246,12.8,,1023.7,
2012-09-08,18.9,14,24.6,0,,280,13.1,,1020.8,
2012-09-09,18.9,11.7,26.1,0,,124,9.2,,1019.3,
2012-09-10,20.1,11,28,0,,163,8.1,,1016.8,
2012-09-11,20.7,13.2,28.2,0,,216,10.7,,1013.6,
2012-09-12,12.9,9.6,16.4,10.9,,280,14,,1011.4,
2012-09-13,10.7,8.2,15.6,19.3,,326,12.9,,1014.9,
2012-09-14,11.7,5.5,17.6,0.3,,226,17.3,,1015.9,
2012-09-15,13,9.3,15.4,0,,261,15,,1015.6,
2012-09-16,13.9,7.8,19.4,0,,189,7.8,,1018.8,
2012-09-17,14.4,6.7,20.1,0,,177,6.9,,1015.4,
2012-09-18,16.7,9.8,24.2,0,,215,9.3,,1012.6,
2012-09-19,11.4,7.2,16.2,16.8,,308,13.4,,1015.4,
2012-09-20,9.3,4.5,14.1,0.5,,267,9.8,,1023.7,
2012-09-21,10.1,3.5,15.7,0,,163,8,,1021.1,
2012-09-22,10.9,7.7,16.5,4.3,,251,15.3,,1013.5,
2012-09-23,9.4,4.8,15.2,0,,172,9.5,,1018.6,
2012-09-24,12.3,5.6,17.8,0,,117,9.5,,1005.5,
2012-09-25,15.4,9.5,21.7,0.5,,189,14,,1005.8,
2012-09-26,15.9,7.7,23.2,0,,130,8.9,,1003.6,
2012-09-27,13.6,12.4,17,0.8,,239,17.6,,1008.1,
2012-09-28,12.7,9.6,17.4,1,,227,17.3,,1018.4,
2012-09-29,11.6,5.9,17.2,0,,203,9.3,,1017.8,
2012-09-30,11.2,5.9,16.4,0.3,,190,8.6,,1022.1,
2012-10-01,10.1,5.9,14,0,,312,7.8,,1019,
2012-10-02,12.9,9.4,18.1,0,,234,11.9,,1018.4,
2012-10-03,12.6,6.8,19.1,0,,223,13.4,,1017.1,
2012-10-04,13.4,9.8,19.1,0,,192,17.9,,1012.8,
2012-10-05,12,4,17.6,5.1,,218,20.4,,1016.3,
2012-10-06,16.7,12.4,21.8,0,,234,22.4,,1012.7,
2012-10-07,8.7,7.4,11.5,8.6,,352,14.3,,1016,
2012-10-08,7.7,4.7,12.3,3.8,,250,12.6,,1020.6,
2012-10-09,7,1.8,12.9,0,,265,11.7,,1012.3,
2012-10-10,6.1,2,10.5,0,,274,9.5,,1015.5,
2012-10-11,5.5,0.5,11.5,0,,171,10.7,,1015.9,
2012-10-12,5.9,-0.7,10.4,0,,119,7.5,,1012.9,
2012-10-13,8.7,4.8,13.5,3.8,,199,14.3,,1014.5,
2012-10-14,8.3,4.1,13,0,,170,12,,1006.4,
2012-10-15,6.9,2.7,11,0,,216,12,,1006,
2012-10-16,6.9,4.1,10.7,0,,234,11.4,,1013.5,
2012-10-17,9.2,2.9,16.3,0,,172,12.2,,1016.9,
2012-10-18,10.2,3.9,16.1,0,,112,11.7,,1018.7,
2012-10-19,10.2,7,13.4,0,,101,5.3,,1019.8,
2012-10-20,8.2,5.8,9.4,0,,209,5.7,,1021.1,
2012-10-21,8,7.4,8.5,0.5,,117,5.1,,1021.7,
2012-10-22,8.7,7.2,10.2,0.3,,358,5.9,,1023.9,
2012-10-23,9.1,7.7,10.5,0,,49,8.1,,1025.8,
2012-10-24,7.2,6.8,7.8,0.3,,249,4.5,,1021.8,
2012-10-25,8.1,6.9,9.4,0,,249,13.2,,1014.4,
2012-10-26,4.1,2.4,7.6,0,,23,14.6,,1011,
2012-10-27,-0.1,-1.3,2.4,6.9,51,17,22.8,,999.1,
2012-10-28,-0.3,-2.3,2.6,9.1,61,341,14.4,,1013,
2012-10-29,-1.6,-3.7,1,0,51,268,10.7,,1016.9,
2012-10-30,1.4,-4,3.8,0,51,221,17.7,,1008.3,
2012-10-31,5,1.1,10.3,0,,149,11.6,,1006.6,
2012-11-01,4.8,3,6.7,0,,140,10.4,,995.5,
2012-11-02,6.4,1,10.2,2.3,,207,15.6,,1003.5,
2012-11-03,9.2,4.4,13.1,0.3,,198,20.3,,1005.5,
2012-11-04,8.5,6,11.1,1.5,,198,10.7,,1005.7,
2012-11-05,6.9,4.8,8.8,10.4,,238,17.9,,1002.7,
2012-11-06,4,1.8,7.1,5.3,,249,18.6,,1014.3,
2012-11-07,5.7,1.3,8.1,0.8,,243,32.6,,1020.9,
2012-11-08,6.8,5.4,7.8,0,,237,18.6,,1020.9,
2012-11-09,6,1.3,9.5,0,,215,15,,1019.1,
2012-11-10,3.9,-0.5,8.1,0,,109,11.9,,1012,
2012-11-11,5.3,2.1,6.7,0,,48,8,,1012.8,
2012-11-12,7,4.7,8.7,0.8,,254,7.1,,1024.7,
2012-11-13,5.3,2.5,8.5,0.3,,49,6.9,,1033.4,
2012-11-14,-0.9,-2.9,1.7,0,,328,4.8,,1033.8,
2012-11-15,0.2,-3.6,2,0,,62,5.1,,1027.3,
2012-11-16,2.9,0.9,4.2,0,,128,6.9,,1022.5,
2012-11-17,4.1,3,4.9,0,,166,8.7,,1017.2,
2012-11-18,3,1.6,4.5,0,,198,9.2,,1016.3,
2012-11-19,3.7,1.1,7.6,0,,46,6,,1020.9,
2012-11-20,4.1,-0.6,8.3,0,,29,5,,1022.2,
2012-11-21,4.9,0.3,6.4,0,,128,8.3,,1021.1,
2012-11-22,5.8,3.9,8.6,0,,225,10.7,,1024.9,
2012-11-23,5.4,1.8,7.7,0,,196,7.1,,1023.4,
2012-11-24,4.6,2.4,10.1,0,,169,7.6,,1022.2,
2012-11-25,6.1,2.5,9.6,0,,167,10.2,,1017.8,
2012-11-26,5.4,-0.4,7.2,0,,136,11.1,,1013.9,
2012-11-27,5.6,5.2,5.8,0,,149,5.6,,1007.8,
2012-11-28,5.8,5,6.5,0,,15,9.6,,1001.4,
2012-11-29,2.2,0.3,5.7,13.5,10,315,21,,993,
2012-11-30,0.1,-1,1.2,8.4,,260,15.6,,1006.6,
2012-12-01,-1.9,-4.9,1.4,0,,227,9.2,,1015.4,
2012-12-02,-2.2,-4.9,-0.7,0,,217,13.2,,1012.8,
2012-12-03,-1,-2.7,1.1,0,,262,13.2,,1013.5,
2012-12-04,0.7,-3,2.7,0,,215,13.7,,1001.2,
2012-12-05,-0.2,-3,1,1,,247,13.8,,1002.1,
2012-12-06,-2.2,-6,0.1,0.3,,244,19.7,,1010,
2012-12-07,-5.8,-9.4,-1.5,0,,168,12.9,,1014.2,
2012-12-08,-7.4,-10.7,-3.8,0,,308,10.1,,1020.9,
2012-12-09,-5.2,-8.4,-1.6,0,41,230,24.3,,1018.5,
2012-12-10,0,-3.1,2,2,41,249,22.2,,1005.6,
2012-12-11,-3.9,-7.5,-0.9,3.3,89,307,18.5,,1017.5,
2012-12-12,-7.3,-11.7,-5,0,89,234,17.3,,1023.1,
2012-12-13,-5.3,-9.9,-1.7,0,71,168,11.3,,1019.1,
2012-12-14,-5.3,-6.6,-2.1,0,71,119,13.2,,1014.2,
2012-12-15,-1,-7.9,1.6,0.5,61,173,8.9,,1008.7,
2012-12-16,3.1,0.5,5.3,2.3,51,210,16.5,,1010.2,
2012-12-17,2.4,1.4,3.3,3,,199,11.3,,1009.6,
2012-12-18,2.3,1,4.2,1.5,,207,6.5,,1013.4,
2012-12-19,1.9,0.2,5.3,2.3,,252,9.6,,1023.4,
2012-12-20,-0.1,-1.8,1.1,0,,100,9.3,,1022.2,
2012-12-21,-2,-2.9,-1.5,0,,89,9.5,,1016.3,
2012-12-22,-0.5,-1.6,0.6,0,,140,5.4,,1020,
2012-12-23,1.4,-0.2,8.4,5.3,10,144,12,,1012.3,
2012-12-24,7.9,-1.4,11.2,16.8,,223,15.6,,1010.8,
2012-12-25,2.8,-1.4,8.9,0,,162,10.2,,1007.9,
2012-12-26,6.3,1.3,8.2,0,,230,26.9,,1011.2,
2012-12-27,6.2,3.6,8,1,,222,25.1,,1008.5,
2012-12-28,0.8,-2.5,5.7,7.4,,281,15.2,,1024.4,
2012-12-29,0.3,-2.1,4.3,0,,134,10.5,,1025.7,
2012-12-30,-0.3,-4.5,4.6,0,,194,11.7,,1021.2,
2012-12-31,3.8,1.1,7.4,0,,203,18.2,,1020.5,
2013-01-01,2.2,-0.5,4.9,0,,165,11.6,,1011.3,
2013-01-02,2.9,0.4,5.2,0,,245,20.6,,1021.8,
2013-01-03,3.5,0.1,5.6,0,,238,31.3,,1028.7,
2013-01-04,7.3,4.4,9.1,0.8,,264,23.3,,1027.7,
2013-01-05,7.1,4.5,9,6.6,,327,22.2,,1025.3,
2013-01-06,5.7,4.4,6.6,1.8,,290,16.1,,1024,
2013-01-07,4.1,2.9,6.7,2.3,,18,9.6,,1026.5,
2013-01-08,3.7,2.2,4.7,0.8,,235,11.7,,1024.5,
2013-01-09,4.3,3.7,5.4,2.3,,234,16.5,,1020,
2013-01-10,2.4,1.1,3.5,1.8,,255,21.8,,1010,
2013-01-11,-2.6,-4.4,1.5,2.8,20,294,18.6,,1013.1,
2013-01-12,-4.7,-7.2,-1.9,0,20,279,12.8,,1018.9,
2013-01-13,-4.3,-8.3,-3.5,0,20,75,10.7,,1019.5,
2013-01-14,-3.9,-5.4,-2.7,0,30,110,9.9,,1015.9,
2013-01-15,-4.8,-7.3,-3.7,1.8,41,121,8.7,,1011.5,
2013-01-16,-3.6,-4.6,-3,0,30,352,9,,1008.7,
2013-01-17,-3.9,-4.5,-2.9,0,30,352,20.3,,1011.2,
2013-01-18,-6.2,-7.2,-4.7,2.8,89,3,14.4,,1011.9,
2013-01-19,-7,-7.7,-6.5,0,71,63,9.9,,1003.9,
2013-01-20,-5.4,-7.5,-3.7,0,71,65,11.6,,1001.1,
2013-01-21,-4.8,-6.6,-3.5,0.5,99,358,9.8,,1000.3,
2013-01-22,-7.3,-8.4,-6.8,2,89,36,6.9,,1007.3,
2013-01-23,-6.6,-7.7,-5.3,0,89,66,7.4,,1010.4,
2013-01-24,-6.2,-7.4,-5.6,0,79,352,10.8,,1012.9,
2013-01-25,-8.7,-13.2,-6.8,0,79,335,11.7,,1021,
2013-01-26,-12.3,-19,-8.8,0,71,176,7.8,,1019.5,
2013-01-27,-3.6,-9.7,-0.6,0,79,185,11.7,,1012.7,
2013-01-28,0.1,-2.7,1.9,1.5,89,235,17.1,,1014.7,
2013-01-29,3.1,-1,4.7,0,41,222,30.5,,1014,
2013-01-30,8.2,3.7,11.4,3.3,,240,34.5,,1009.3,
2013-01-31,5.5,2.9,7.5,3.6,,248,33.8,,1012.1,
2013-02-01,3.9,1.7,6.3,1,,220,21.3,,1005.5,
2013-02-02,2.1,-1.5,3.5,2.8,,283,18,,996.6,
2013-02-03,-0.5,-4.3,2.6,0,,275,18.8,,1013.1,
2013-02-04,1.7,-0.6,3.9,0.3,30,237,31.4,,1008.6,
2013-02-05,3.4,1.1,7.2,0.5,,229,22.1,,1003.5,
2013-02-06,0.1,-2.9,3.4,0,,236,12,,1000.8,
2013-02-07,-1.3,-3.7,1.8,0,10,275,7.7,,1007,
2013-02-08,-2.2,-5.4,1.8,0.3,10,259,10.5,,1012.3,
2013-02-09,-2.7,-4,-1.3,0,10,338,7.8,,1017.4,
2013-02-10,-3.1,-5.5,-0.4,0,,6,8.1,,1017.1,
2013-02-11,-3.9,-7.6,-2.6,0,,95,15.9,,1010.5,
2013-02-12,-2.8,-3.3,-2.5,0,61,67,16.8,,1010.4,
2013-02-13,-2.7,-3.3,-1.6,2,41,330,12,,1021.9,
2013-02-14,-2.4,-3.3,-1.3,0,41,2,7.7,,1024.9,
2013-02-15,-1,-2,0.3,0,20,149,5.7,,1019.9,
2013-02-16,-0.4,-1.9,1.6,0,20,209,6,,1024.1,
2013-02-17,-0.3,-1,0.6,0.8,20,69,5.7,,1024.9,
2013-02-18,-0.7,-1.4,0.8,0.3,10,321,5.7,,1022.5,
2013-02-19,-0.8,-2.1,-0.1,0,41,264,20.7,,1014.4,
2013-02-20,-2.9,-6.4,-1.5,1,71,315,17.1,,1019.1,
2013-02-21,-5.6,-8,-4,0.8,89,348,11.1,,1021.6,
2013-02-22,-5.9,-7.7,-4.8,0,109,36,16.8,,1016.2,
2013-02-23,-4.3,-5.9,-2.6,3.3,249,354,12.5,,1010.5,
2013-02-24,-0.8,-4.5,1.8,10.4,300,343,9.2,,1011.9,
2013-02-25,1.7,-0.2,3.7,6.6,130,61,8.9,,1019.1,
2013-02-26,1.1,-0.4,2.4,0.3,99,348,15.3,,1027.3,
2013-02-27,0.1,-0.8,1.3,0,71,347,13.1,,1030.6,
2013-02-28,0.9,-0.4,2.6,0,51,345,6.3,,1027.6,
2013-03-01,0.6,-0.4,1.8,0,41,301,12.9,,1022.8,
2013-03-02,-0.5,-4.3,4.6,0,30,254,10.2,,1024.2,
2013-03-03,-0.9,-4.4,2.4,0,20,272,14.7,,1022.1,
2013-03-04,0.7,-4.6,5.6,0,20,163,11,,1024.8,
2013-03-05,1.8,-4.3,9.5,0,,107,13.2,,1017.8,
2013-03-06,3.2,-3.6,10.4,0,,53,7.7,,1008.8,
2013-03-07,4.9,-0.1,8.5,0,,9,6.6,,1003.7,
2013-03-08,5.6,3.5,7.4,0.3,,29,9.2,,1004.3,
2013-03-09,3.4,2.3,4.2,0,,44,6.2,,1004.3,
2013-03-10,6.7,3.5,12.2,1.8,,206,10.7,,999.2,
2013-03-11,-2.2,-4.5,6.2,0.8,10,354,16.1,,1003.8,
2013-03-12,-4.1,-4.8,-2.5,0,10,16,14.3,,1003.7,
2013-03-13,-5,-6,-3.5,2.5,30,346,15.9,,1003.8,
2013-03-14,-5.8,-10.5,-1.8,0,30,322,14.6,,1009.8,
2013-03-15,-5.2,-8.5,-0.9,0,20,317,14.9,,1015.1,
2013-03-16,-3.7,-9.6,2.5,0,20,177,10.7,,1020.2,
2013-03-17,-1,-7.1,4.5,0,,113,21,,1012.3,
2013-03-18,-0.4,-3.3,4.4,0,,95,16.7,,999.1,
2013-03-19,0.8,-1.2,3.8,5.3,30,260,18.6,,996.7,
2013-03-20,3.8,-0.4,9.2,0.3,20,219,15.8,,1005.6,
2013-03-21,0.6,-2.6,2.9,0.8,,286,19.8,,1014.8,
2013-03-22,-2.4,-3.5,-0.8,0,,346,15.9,,1020.5,
2013-03-23,-4.5,-8.7,-1.1,0,,79,23.9,,1022.3,
2013-03-24,-5.6,-10.4,0.7,0,,81,27.5,,1022.3,
2013-03-25,-3.9,-6.5,-0.4,0,,77,29.3,,1017.2,
2013-03-26,-3.1,-5.8,0,0,,54,22.8,,1013.1,
2013-03-27,-3.7,-5,-2.5,0,,68,14.6,,1013.7,
2013-03-28,-0.7,-3.7,2.9,0.3,,101,11.9,,1012,
2013-03-29,1,-1.2,5.3,1.8,20,223,16.1,,1007,
2013-03-30,1.1,-2,5.4,0,,47,10.5,,1006.8,
2013-03-31,-0.7,-1.8,1.6,0,,337,19.4,,1008.3,
2013-04-01,-1,-3.3,1.6,0,10,328,12.8,,1010.8,
2013-04-02,0.2,-2.7,3.2,0,,57,16.2,,1012.9,
2013-04-03,-0.3,-1.7,2.1,0,,3,14.9,,1015.6,
2013-04-04,-0.1,-1.8,2.3,0,,345,12,,1013.3,
2013-04-05,0.6,-0.7,2.6,0,,16,13.4,,1009.5,
2013-04-06,1.1,0,3.1,0,,344,13.2,,1016.3,
2013-04-07,1.2,-0.4,4.3,0,,2,9.6,,1020.8,
2013-04-08,3,-5.1,8.7,0,,126,13.7,,1012.3,
2013-04-09,5.1,1.4,9.7,0,,129,10.1,,1006.2,
2013-04-10,7.1,2.7,12,2,,224,18.6,,1007.4,
2013-04-11,9.3,3.4,14.4,0,,196,17.1,,1007.3,
2013-04-12,10.1,6.7,13.9,3.8,,211,20,,1004.5,
2013-04-13,9.4,5.9,14.3,0,,247,23,,1016.7,
2013-04-14,10.4,2.4,17.5,0,,220,11.7,,1027.2,
2013-04-15,13.6,6.2,20.3,0,,144,12.6,,1024.1,
2013-04-16,14.3,7.5,20.4,0,,151,9.6,,1020.9,
2013-04-17,15.4,9.5,20.8,0.3,,237,8.1,,1022.2,
2013-04-18,17.8,10.4,25.2,0,,207,13.8,,1017.1,
2013-04-19,12.1,8.3,14.4,1.5,,325,9.6,,1020.6,
2013-04-20,8.1,6.1,9.7,6.4,,28,15.5,,1026.2,
2013-04-21,11.5,4.8,18.3,0.8,,78,16.5,,1019.6,
2013-04-22,12.6,4.6,19.8,0,,209,9.2,,1014.8,
2013-04-23,12.8,8,18.6,0,,249,16.1,,1019.7,
2013-04-24,13.4,5.6,20.5,0,,234,12.5,,1025.5,
2013-04-25,16.6,8.4,23.8,0,,220,10.7,,1023.6,
2013-04-26,17.9,8.6,25.1,0,,212,13.5,,1011.1,
2013-04-27,12.2,7.8,16,0.3,,324,18.5,,1003.9,
2013-04-28,7.1,4.8,9.3,7.6,,332,16.1,,1013.7,
2013-04-29,9.9,6.6,12.3,0,,225,10.2,,1017.7,
2013-04-30,11.2,7.4,16.1,0.3,,8,14.6,,1020.4,
2013-05-01,9.7,7.2,12.8,0.5,,45,14.1,,1022.7,
2013-05-02,11.5,8.3,15.6,1,,357,10.8,,1018.3,
2013-05-03,10.1,8.5,11.8,2.8,,348,18.5,,1015.5,
2013-05-04,11.1,6,17.9,0.3,,231,7.2,,1017.8,
2013-05-05,13,8,17.4,9.7,,43,11.1,,1022.8,
2013-05-06,13.3,8.5,16.3,0,,49,10.8,,1020.3,
2013-05-07,16.3,13.4,21.4,0.8,,109,13.4,,1015,
2013-05-08,16.3,11.2,23.2,2.3,,140,9.2,,1014.4,
2013-05-09,17.4,9.9,23.7,0,,218,7.4,,1013.7,
2013-05-10,13.1,10.5,15.8,3.3,,294,9.8,,1013.3,
2013-05-11,11.3,10,13.3,18.3,,266,8.4,,1015.4,
2013-05-12,10.9,6.7,16.9,0.3,,261,14.7,,1013.9,
2013-05-13,8.6,4.2,13.3,2.5,,239,18,,1017.6,
2013-05-14,12.8,8.5,17.5,0,,210,12,,1013.2,
2013-05-15,15.6,5.3,22.2,0,,107,17,,1005.6,
2013-05-16,16.7,9,22.7,0,,116,17.4,,1000.1,
2013-05-17,17.1,11.7,23.1,0.3,,121,17.9,,999.1,
2013-05-18,14.1,11.2,20.2,5.6,,216,15.2,,1007.2,
2013-05-19,15,6.6,22.4,0.5,,70,13.7,,1007.2,
2013-05-20,12.7,7.6,18.3,11.9,,234,15.9,,1011.2,
2013-05-21,12.3,6.3,18.3,0,,224,12.3,,1011.8,
2013-05-22,9.7,6.4,15.5,0,,243,16.1,,1007.5,
2013-05-23,7.6,5.6,11.5,2,,261,6.9,,1009.2,
2013-05-24,7.1,1.1,12,0,,295,12.6,,1009.3,
2013-05-25,7.1,3.5,11.7,0.8,,251,11.3,,1010.3,
2013-05-26,6.3,4.8,7.8,4.3,,226,23.3,,1007,
2013-05-27,9.1,5.2,13.1,13.2,,243,20.1,,1006.6,
2013-05-28,11.7,4.8,17.2,1.5,,260,13.4,,1004.8,
2013-05-29,12.3,6.7,18.4,0,,,8.7,,1000.8,
2013-05-30,9.7,8.3,10.7,28.4,,287,15.8,,1003.4,
2013-05-31,11.2,9.2,14.5,13.7,,103,9.8,,999.1,
2013-06-01,10.4,4.8,14.2,7.1,,259,14.9,,1005.9,
2013-06-02,10.3,8.9,12.7,37.1,,310,23.3,,1011,
2013-06-03,8.6,7.3,9.9,16,,292,16.8,,1019.6,
2013-06-04,12.1,8.7,16,13.5,,316,15.3,,1018.6,
2013-06-05,13.1,6.6,18.6,0,,352,15,,1019.3,
2013-06-06,14.1,9.3,19.5,0,,34,7.2,,1021,
2013-06-07,16.2,8.9,21.8,0,,345,7.5,,1020,
2013-06-08,18.2,10.1,24.1,0,,346,8.4,,1016,
2013-06-09,16.7,11.3,24.8,1.8,,10,9.5,,1009.3,
2013-06-10,14.1,12.5,15.7,2,,333,11.7,,1008.2,
2013-06-11,15.3,10,20.2,10.7,,330,14.7,,1014.8,
2013-06-12,16.9,8,23.5,0,,,6.9,,1019.8,
2013-06-13,19.6,10.8,25.9,0,,185,11,,1017.8,
2013-06-14,16.2,13.5,19.4,1.5,,321,11.7,,1018.2,
2013-06-15,17.3,9.2,23.8,0.8,,197,8.4,,1016,
2013-06-16,19.2,12.5,24.5,0,,244,12,,1016.2,
2013-06-17,21.2,11.9,28.4,0,,47,9.9,,1016,
2013-06-18,24.8,16.3,32.1,0,,277,8.3,,1014.8,
2013-06-19,25.9,17.5,32.5,0,,86,13.7,,1014.7,
2013-06-20,25.7,17.8,32.7,0,,97,10.5,,1010.4,
2013-06-21,20.1,16.7,24.2,5.6,,248,16.1,,1013.8,
2013-06-22,20.2,15.6,25.1,2.5,,248,8.4,,1015.8,
2013-06-23,18.5,13.7,22.6,0.5,,248,13.4,,1013.6,
2013-06-24,13.5,12,16,2.8,,263,11.1,,1017.9,
2013-06-25,11.6,9.7,12.2,30.5,,304,18.3,,1019.1,
2013-06-26,10.2,9.2,13,14,,275,16.4,,1023.6,
2013-06-27,11.8,8,15.6,0.8,,210,9,,1024.2,
2013-06-28,13.1,5.7,18.1,0,,216,7.8,,1020.8,
2013-06-29,13.7,8.5,18.4,0,,233,14.7,,1018,
2013-06-30,12.7,8.8,17.1,1,,297,13.8,,1021.5,
2013-07-01,16.8,9.1,22.3,0,,228,12.2,,1018.9,
2013-07-02,19.3,11.3,25.2,0,,217,9.8,,1015.5,
2013-07-03,18.6,12.9,25.5,0,,172,9.4,,1013.2,
2013-07-04,18.9,14.7,23,7.9,,278,9.3,,1018.9,
2013-07-05,18.3,14.7,23.4,0,,320,10.1,,1025.6,
2013-07-06,19,14.4,23.6,0,,359,12,,1028.1,
2013-07-07,19.1,13.5,23.9,0,,350,10.5,,1028.8,
2013-07-08,19.3,12.7,24.5,0,,18,8.1,,1028.4,
2013-07-09,20.3,12.5,25.4,0,,5,8.1,,1023.5,
2013-07-10,20.1,15.3,25.2,0,,331,12.6,,1016.4,
2013-07-11,14.1,10.6,17.4,0,,307,13.4,,1017.6,
2013-07-12,16.1,11.5,21.5,0,,306,12.9,,1019.3,
2013-07-13,16.3,9.7,22.3,0,,303,11.9,,1020,
2013-07-14,17.7,10.5,23.4,0,,309,12.3,,1020.2,
2013-07-15,16.5,11.5,21,0,,337,12.2,,1020.9,
2013-07-16,18.2,9.5,25.2,0,,238,9.2,,1023.2,
2013-07-17,19.8,11.6,26.7,0,,0,8.4,,1022.1,
2013-07-18,21,13.3,27.1,0,,8,9,,1021.8,
2013-07-19,21.3,14.6,27.1,0,,334,9.9,,1019.7,
2013-07-20,19.1,13.2,24.8,0,,334,10.4,,1019.7,
2013-07-21,20.2,12.9,26.3,0,,16,6.6,,1021.4,
2013-07-22,21.3,11,29,0,,342,6.2,,1018.1,
2013-07-23,22.3,12.7,29.6,0,,13,8.6,,1014.2,
2013-07-24,21.7,11.3,29.4,0,,55,7.4,,1014.4,
2013-07-25,21.4,16.5,26.9,8.9,,313,8.7,,1015.9,
2013-07-26,24,16.3,30.9,0,,90,6.3,,1015,
2013-07-27,26.8,17.1,34.8,0,,156,6.9,,1011.3,
2013-07-28,28.1,19.2,34.8,0,,123,8.4,,1010.1,
2013-07-29,22.4,17.3,29.2,0,,316,15.3,,1011.7,
2013-07-30,19,15.4,24.6,32.8,,263,17.7,,1017.1,
2013-07-31,19.8,15.4,25,0.3,,248,15.8,,1018.4,
2013-08-01,21.4,13.6,29.2,0,,,7.9,,1019,
2013-08-02,24.3,14.7,32.2,0,,98,9.2,,1016,
2013-08-03,26,16.6,34.5,0,,319,9,,1015.1,
2013-08-04,21.3,16.1,28.7,22.4,,292,16.2,,1019.8,
2013-08-05,20.2,13.2,26.6,25.1,,88,8.7,,1019.4,
2013-08-06,23.7,15.8,31.5,0,,103,11.1,,1014.7,
2013-08-07,22.6,16.7,27.8,16.5,,94,11.6,,1012.9,
2013-08-08,23,17.6,27.4,0,,328,9.9,,1012.6,
2013-08-09,16.4,13.1,21.3,0,,345,15,,1019.4,
2013-08-10,16.9,11.4,24,14.5,,257,12,,1019.2,
2013-08-11,16.4,11.7,22.4,10.2,,279,11.4,,1017.9,
2013-08-12,17.5,9,24.3,0,,210,10.8,,1016.9,
2013-08-13,16.3,12.4,21.1,0,,270,15,,1016,
2013-08-14,14.4,7.9,20.1,0,,283,10.2,,1022,
2013-08-15,15.4,7.7,25.7,0,,166,7.7,,1024.2,
2013-08-16,17.7,8.7,24.4,0,,122,8.3,,1021.4,
2013-08-17,20.3,9.5,27.4,0,,177,7.2,,1016.7,
2013-08-18,22.2,13.8,30,0,,228,11.6,,1014.7,
2013-08-19,17.7,15,22.3,0,,191,9.3,,1016.3,
2013-08-20,14.1,11.3,18.6,14.5,,288,14.1,,1024.4,
2013-08-21,14.6,8.4,20.5,0,,334,9.3,,1026.6,
2013-08-22,15.6,8.5,20.8,0,,20,7.4,,1021.8,
2013-08-23,15.8,8.8,21.4,0,,63,10.2,,1019.5,
2013-08-24,17.4,11,22.4,0,,80,13.2,,1015.7,
2013-08-25,13.9,12.6,16.1,0,,78,16.4,,1012.5,
2013-08-26,14.4,13,16.3,29,,63,14.3,,1014.7,
2013-08-27,13.9,12.7,16,0.5,,67,12.6,,1015.5,
2013-08-28,15,12.2,18.6,6.1,,343,9.6,,1016.2,
2013-08-29,16,9.3,23,0,,280,9.9,,1021.1,
2013-08-30,16.7,10.3,23.6,0,,225,9.5,,1020.5,
2013-08-31,18.1,12.6,24.5,0,,248,15.9,,1018.4,
2013-09-01,13.5,10.2,17.2,6.4,,307,14.1,,1022.7,
2013-09-02,13.2,8.8,17.6,0,,243,21.8,,1021.9,
2013-09-03,17.1,13.3,19.6,0,,295,19.7,,1023,
2013-09-04,17.4,14.5,21.6,0,,317,6.8,,1024.9,
2013-09-05,16.8,11.4,22.4,0,,43,7.2,,1019.9,
2013-09-06,17.1,10.8,23.3,0,,105,12.5,,1015.7,
2013-09-07,17.3,9,24.5,0,,95,10.7,,1018.3,
2013-09-08,18.1,10.8,24.8,0,,116,11.3,,1017.9,
2013-09-09,14.9,10.6,18.5,8.4,,257,15,,1015.7,
2013-09-10,12.5,8.9,18.2,1.5,,194,12.3,,1015.7,
2013-09-11,11.6,9.1,15.1,5.3,,214,17.7,,1014.7,
2013-09-12,11.3,9.9,15.1,0,,235,13.1,,1013.7,
2013-09-13,12.1,9.6,16.2,3.8,,263,12.5,,1017.7,
2013-09-14,14.9,10.4,20.5,0,,261,18.2,,1014.7,
2013-09-15,15.4,13.7,19.1,0,,232,13.1,,1010.1,
2013-09-16,12.7,11.7,14.5,1,,225,15.2,,1004.6,
2013-09-17,8.8,6.5,13,4.6,,254,17.7,,1004.1,
2013-09-18,9.1,4.8,13.4,0,,211,12.2,,1000.3,
2013-09-19,9.3,5.6,13.6,5.6,,265,16.7,,1009.9,
2013-09-20,10.8,7.7,14.5,0.5,,238,16.8,,1014.9,
2013-09-21,11.5,8.8,14,1.8,,280,14,,1023.6,
2013-09-22,11.7,7.7,15.7,0,,241,13.5,,1026.9,
2013-09-23,14.2,11.6,16.7,0,,269,20.1,,1021.2,
2013-09-24,13.6,11.7,17.2,0,,289,13.7,,1016.2,
2013-09-25,12.4,9.9,15.4,0,,68,8,,1013.5,
2013-09-26,11.8,7.6,18,0,,288,17.7,,1012.2,
2013-09-27,6.7,1.8,12.4,1.3,,20,6.6,,1019.4,
2013-09-28,7.7,1.4,13.5,0,,103,7.8,,1017.4,
2013-09-29,8.2,2.6,13.4,0,,87,20.4,,1016,
2013-09-30,7.4,2.6,13,0,,79,20,,1013.7,
2013-10-01,5.7,-0.1,12.1,0,,38,10.4,,1015.8,
2013-10-02,5.1,-0.1,10,0,,78,12,,1024.6,
2013-10-03,4.5,-2.4,10.5,0,,110,16.1,,1029.4,
2013-10-04,4.7,-1.4,13.2,0,,106,14.3,,1027.5,
2013-10-05,6.2,-0.9,12.3,0,,101,9.3,,1021.3,
2013-10-06,8.8,4.9,13.6,0,,334,5.6,,1023.8,
2013-10-07,9.7,7,12.5,0,,103,6.2,,1028.1,
2013-10-08,8.9,2.3,15.2,0,,80,6.2,,1025.7,
2013-10-09,9.2,4.5,12.7,0,,222,12.8,,1020.1,
2013-10-10,10.8,7.4,16.4,0,,206,14.7,,1008.2,
2013-10-11,7.3,4.5,12.5,15.2,,224,11.6,,1013.9,
2013-10-12,7.6,2.5,11.5,8.9,,209,10.7,,1018.7,
2013-10-13,7.8,4.5,12.7,2.5,,245,13.1,,1021,
2013-10-14,6.5,0.5,13.4,0,,294,7.4,,1021.8,
2013-10-15,8.3,3.5,13.1,0,,194,10.5,,1013.4,
2013-10-16,7.4,4.5,10.7,0,,274,13.8,,1012.2,
2013-10-17,8.7,2.8,13.4,0.5,,222,23.1,,1014.5,
2013-10-18,8.9,5.8,11.5,3.8,,276,17.7,,1017.7,
2013-10-19,7.6,1.3,14.2,0,,145,9.3,,1020.1,
2013-10-20,11.2,5,17.1,0,,137,8,,1017.8,
2013-10-21,13.8,11.1,18.3,5.6,,220,16.4,,1017.9,
2013-10-22,13.2,7.9,17.7,0,,139,9.3,,1016.5,
2013-10-23,13,9,16.1,0,,159,9.6,,1013.2,
2013-10-24,13.7,10.7,18.2,0.8,,228,15.3,,1018.7,
2013-10-25,10.1,5.8,14.2,0,,95,5.7,,1020.3,
2013-10-26,13.7,8.6,19.4,0,,209,11.7,,1017.3,
2013-10-27,14.1,10.5,17.9,0,,216,21,,1012,
2013-10-28,15.4,10.7,22,0.3,,212,21.5,,1007.7,
2013-10-29,11.3,7.8,15.1,0,,229,21.8,,1014.9,
2013-10-30,7.6,2.5,12.4,0,,240,14.9,,1023.8,
2013-10-31,4.9,-0.8,11,0,,143,8.7,,1027.5,
2013-11-01,5.7,0.7,9.6,0,,199,13.7,,1021,
2013-11-02,9.3,3.5,13.6,0.3,,198,15.6,,1009.2,
2013-11-03,9.4,6.1,12.4,1,,225,22.7,,1005.6,
2013-11-04,8,4.5,11,3.3,,181,15.5,,999.5,
2013-11-05,5.6,2.2,10.4,0.8,,234,18,,999,
2013-11-06,6.2,1.9,8.5,2.5,,234,20.4,,1001.8,
2013-11-07,11.9,6.6,15.4,2.3,,228,27,,1008.9,
2013-11-08,12.4,10.3,16.1,0,,201,14.6,,1010.6,
2013-11-09,8.7,4.7,12.5,2.3,,222,17.7,,1011.5,
2013-11-10,5.1,1.9,8.5,0,,226,11.6,,1008.2,
2013-11-11,4.3,2.8,6.3,8.4,,320,10.4,,1027.5,
2013-11-12,3.3,-0.3,7.7,0,,120,6.1,,1029.1,
2013-11-13,1.9,-1,6.1,0,,246,10.4,,1029.6,
2013-11-14,0.4,-3,1.5,0,,87,7.7,,1024.6,
2013-11-15,1.6,-0.2,3.1,1,,357,5.7,,1027.2,
2013-11-16,3.9,2.4,7.5,1,,332,6.6,,1030.4,
2013-11-17,0.7,-1.4,2,0,,38,7.4,,1026.3,
2013-11-18,4.1,1.6,5.2,0,,134,9.3,,1015.6,
2013-11-19,5.5,4,6.6,0,,110,11.4,,1007.5,
2013-11-20,4.3,2.4,6,2.8,,205,14.4,,1002.1,
2013-11-21,3.5,2.3,4.7,1,,65,10.8,,1002.4,
2013-11-22,5.6,4.4,7.5,0,,66,13.2,,1005.9,
2013-11-23,4.7,3.5,6.2,0,,2,15,,1013.5,
2013-11-24,3.3,-0.1,5.6,0,,342,22.1,,1015.7,
2013-11-25,-1,-2.6,1.5,0,,318,20.6,,1024.8,
2013-11-26,-1.7,-4.1,0.5,0,10,325,15.6,,1030.5,
2013-11-27,-3.2,-6.6,0.2,0,,244,14.3,,1034,
2013-11-28,0.2,-3.8,1.9,0,,239,26,,1028.4,
2013-11-29,1.7,0.7,3.4,0,,236,24,,1021.6,
2013-11-30,2.6,0.8,4.2,2.3,,243,23,,1016.6,
2013-12-01,2.7,0.6,4.5,0,,243,17.1,,1027.3,
2013-12-02,2.2,-0.3,5,0,,8,9.3,,1034.6,
2013-12-03,-2.7,-4.7,1.7,0,,57,5.2,,1033.7,
2013-12-04,-2.2,-7.2,1.3,0,,235,16.2,,1026,
2013-12-05,1.9,-0.1,3.7,0,,237,31.5,,1019.7,
2013-12-06,0.5,-1.3,2.6,1.5,10,275,36.9,,1010.4,
2013-12-07,0.2,-1.8,1.1,0,10,270,28.7,,1021.3,
2013-12-08,2.9,0.1,4.6,0,,239,24,,1024.6,
2013-12-09,5.3,3.5,6.2,0.3,,252,27.9,,1024.7,
2013-12-10,5.9,4.7,8.1,0,,232,11.4,,1035.4,
2013-12-11,4.3,2.9,5.3,0,,216,8.2,,1036.3,
2013-12-12,1,-0.6,2.7,0,,213,5.4,,1033.6,
2013-12-13,-0.7,-1.4,-0.3,0,,218,6.6,,1028.5,
2013-12-14,0.3,-1.6,2.1,0.3,,237,16.2,,1028.3,
2013-12-15,2.7,1.5,4.5,0,,231,21,,1032,
2013-12-16,2.1,-0.9,8.5,0,,180,8.6,,1032.9,
2013-12-17,-3.3,-5.5,-1.6,0,,347,5,,1031.9,
2013-12-18,-3.2,-4.2,-2.3,0,10,164,7.4,,1028.1,
2013-12-19,-2.4,-4.2,-1.3,0,,158,10.1,,1018.7,
2013-12-20,-0.2,-1.7,1.9,0,,189,10.4,,1025.7,
2013-12-21,0.8,-1.1,3.5,0,,205,11.7,,1033,
2013-12-22,3.6,-3,8.1,0,,200,15.2,,1023.9,
2013-12-23,6.5,4.5,8.7,0.3,,205,18.2,,1019.8,
2013-12-24,1.7,-0.5,4.5,0,,135,13.1,,1010.1,
2013-12-25,1.8,-1.3,5,0,,98,9.3,,998.8,
2013-12-26,3.5,1,8.5,0,,334,8.1,,996.1,
2013-12-27,4.5,1.3,7.3,0,,208,15.6,,1008.9,
2013-12-28,0.9,-2.4,3,0,,152,8.9,,1009.2,
2013-12-29,3.1,-0.7,5.7,0,,219,18,,1017.4,
2013-12-30,0.3,-2.3,4.4,0,,190,12.3,,1029.3,
2013-12-31,-2.6,-6.4,0.2,0,,56,5.9,,1024.8,
2014-01-01,0.2,-2,2,0,,141,7.2,,1018.1,
2014-01-02,0.4,-3.1,2.5,0,,149,8.1,,1012.4,
2014-01-03,2.9,-1.9,7.2,0,,189,12,,1014.6,
2014-01-04,4.8,2.1,6.4,0,,162,14.3,,1011.6,
2014-01-05,3.7,0.6,5.5,2,,225,13.7,,1008.4,
2014-01-06,2.8,-1,6.4,3.6,,178,10.4,,1017.4,
2014-01-07,5.4,0.8,10.4,0,,199,11.3,,1019.2,
2014-01-08,6.4,2.3,11.3,0,,218,15.3,,1020.9,
2014-01-09,6.9,1.3,11.1,0,,184,13.1,,1013.8,
2014-01-10,4.6,2.6,8.7,0.8,,250,25.7,,1015.5,
2014-01-11,3.1,0.5,6.2,0,,223,19.1,,1017.9,
2014-01-12,1.3,-1.4,4.2,0,,253,18.5,,1023,
2014-01-13,-0.1,-4.6,3.6,0,,203,9.2,,1017.3,
2014-01-14,0.3,-0.6,1.1,0,,17,7.2,,1009.6,
2014-01-15,1.3,-1,4,1.8,10,238,14.4,,1012,
2014-01-16,1.1,-2.1,4.6,0.5,,140,8.7,,1009.8,
2014-01-17,1.8,-0.3,4.1,0,,184,7.4,,1008,
2014-01-18,1.8,0.4,3.2,0.8,,106,8.4,,1009.4,
2014-01-19,4.6,1.7,7.4,0,,56,8.1,,1003.6,
2014-01-20,3.5,1,4.6,0,,355,10.8,,1002.5,
2014-01-21,-1,-1.8,0.8,2.8,10,347,13.1,,1010,
2014-01-22,-2.1,-3.4,-1.6,0.8,10,17,6.8,,1015.4,
2014-01-23,-3.1,-3.8,-2.5,0,10,77,11.3,,1018.7,
2014-01-24,-2.8,-4.1,-2.4,0.5,10,40,9.8,,1016.4,
2014-01-25,-8.8,-14.5,-4.9,0,10,349,11,,1021.7,
2014-01-26,-10.2,-15,-6.4,0,10,66,7.8,,1013.2,
2014-01-27,-3.7,-7.7,-1.6,0,61,79,9,,1002.8,
2014-01-28,-3.3,-4,-1.9,1.3,61,13,6.5,,1005.9,
2014-01-29,-3.7,-5.5,-2.5,0,51,82,15.6,,1007.4,
2014-01-30,-2.3,-3.6,-0.7,0,41,113,16.4,,1013.7,
2014-01-31,0.2,-3,3.5,0,20,112,8.9,,1012.6,
2014-02-01,0,-1.3,2.5,0,10,88,12.8,,1010.9,
2014-02-02,-0.8,-1.1,-0.1,0,10,163,6.6,,1016.7,
2014-02-03,-1.3,-3.9,0.5,1,20,112,13.5,,1019.2,
2014-02-04,-1.9,-6.5,2.5,0,10,133,9.8,,1016.9,
2014-02-05,-0.6,-1.8,1.2,0,10,137,11.1,,1009.4,
2014-02-06,2.6,-1.2,7.3,0,10,191,11.4,,1010.6,
2014-02-07,2.5,-0.6,5.4,0,,138,12.6,,1004.3,
2014-02-08,5.1,1.2,9.4,0,,183,13.5,,1003.6,
2014-02-09,4,0.7,6.3,0,,204,14.7,,1000.8,
2014-02-10,2.1,-1.1,6,0,,143,14.7,,1002.5,
2014-02-11,3.4,0.3,6.1,0,,227,16.7,,1005.2,
2014-02-12,0.4,-3.4,6.2,0,,214,13.2,,1010.8,
2014-02-13,3.3,-3.6,7.6,0,,167,11.4,,1003.1,
2014-02-14,3.6,1.4,7.1,0,,226,21,,1009.3,
2014-02-15,3.8,0,8.3,0,,121,10.5,,1007.7,
2014-02-16,5.6,2.1,7.1,0,,219,20.7,,1011.9,
2014-02-17,4.1,0.2,9.6,0,,229,14.9,,1017.3,
2014-02-18,2.3,-2.1,7.5,0,,164,9,,1019.4,
2014-02-19,4.3,0.7,8.7,0,,221,14.4,,1014.6,
2014-02-20,5.4,2.3,9.3,0,,211,12.9,,1015.3,
2014-02-21,4.7,-0.9,8.9,0,,204,15.8,,1010.8,
2014-02-22,4.2,0.1,9,0,,242,14.3,,1017,
2014-02-23,3.9,-2,9.3,0,,186,10.2,,1024.9,
2014-02-24,4.1,-4.5,11.3,0,,123,10.8,,1022.4,
2014-02-25,1.8,-3.3,6.2,0,,152,7.5,,1018.4,
2014-02-26,2.4,-2.5,5.6,0,,183,6.5,,1019.5,
2014-02-27,3.6,-1.6,9.5,0,,189,8.9,,1018.6,
2014-02-28,3.3,-1.3,8.7,0,,169,11.1,,1008.6,
2014-03-01,2.2,-3.7,7.2,0,,103,9,,1004.9,
2014-03-02,4,-1.5,11.1,0,,123,7.2,,1004.4,
2014-03-03,4.6,-1.3,9.3,0,,114,12,,998.3,
2014-03-04,5.4,1.9,9.2,0,,89,10.7,,1002.7,
2014-03-05,5.1,-0.6,9.5,0,,309,9.8,,1015.8,
2014-03-06,5.1,1.4,8.3,0,,351,13.2,,1028.8,
2014-03-07,4.5,1.5,8.1,0,,96,7.1,,1028.6,
2014-03-08,5.4,-1.5,12.2,0,,328,8.3,,1033.1,
2014-03-09,4.8,-3.2,11.6,0,,1,6.3,,1034.8,
2014-03-10,5.9,-1.4,13.5,0,,132,8.6,,1028.6,
2014-03-11,6.8,-2.8,15.6,0,,323,9.9,,1029.4,
2014-03-12,7.3,1.6,13.6,0,,37,8.7,,1033.3,
2014-03-13,7.4,-2,16.1,0,,193,6.3,,1029.4,
2014-03-14,8.2,-0.1,16.4,0,,239,10.2,,1024.4,
2014-03-15,7.3,4.9,9.6,0,,267,30.8,,1013.5,
2014-03-16,8.8,4.4,12.5,2.8,,264,36.9,,1010.7,
2014-03-17,9.8,8.1,12.3,0,,276,25.5,,1016.6,
2014-03-18,9.4,5.5,13.8,0,,240,18.5,,1015.4,
2014-03-19,8.4,5.6,11.4,2.8,,256,27.5,,1018.5,
2014-03-20,12.2,6.4,19.4,0.5,,206,19.4,,1020.4,
2014-03-21,14.3,5.6,21.1,0,,208,19.1,,1011.9,
2014-03-22,12.3,8.1,19.6,0,,205,12,,1006.4,
2014-03-23,4.9,2.4,8,7.6,,309,18,,1006,
2014-03-24,3,1,5.7,16.3,,317,16.5,,1009.6,
2014-03-25,2.6,1,6.3,5.3,,279,9.6,,1011,
2014-03-26,3.8,-3.4,8.9,1.5,,70,12.6,,1015.5,
2014-03-27,7.3,0.4,12.8,0,,85,19.4,,1015.8,
2014-03-28,6.4,0.4,12.1,0,,31,8.3,,1019.8,
2014-03-29,8.6,0.7,16.6,0,,48,10.4,,1023.2,
2014-03-30,9.9,1.4,17.5,0,,30,6.6,,1018.2,
2014-03-31,9.6,4.5,16.4,0,,294,9.3,,1014.2,
2014-04-01,10.2,3,16.5,0,,268,9.3,,1013.8,
2014-04-02,11.9,4.9,18.5,0,,123,8.4,,1011,
2014-04-03,12.9,4,21.1,0,,141,8.4,,1006.4,
2014-04-04,13.5,6.4,20.1,0.5,,63,9.9,,1007.9,
2014-04-05,10.7,6.2,15.3,0,,1,5.3,,1012.8,
2014-04-06,11.6,6.1,16.6,0,,333,9.2,,1017.5,
2014-04-07,12.9,5.5,20.6,0,,206,8.3,,1018.1,
2014-04-08,12.6,7,18,0,,227,20.3,,1013.6,
2014-04-09,7.1,2.6,11.1,0,,279,22.2,,1020.6,
2014-04-10,6.7,5.1,9,0,,317,19.1,,1019.4,
2014-04-11,7.5,0.9,13.1,0,,116,8.1,,1020.3,
2014-04-12,9.4,2.8,14.9,0,,,5.5,,1017.6,
2014-04-13,10.5,7.4,14.7,1.5,,282,12.3,,1015.8,
2014-04-14,7.3,3.7,10.9,0,,267,21.6,,1012,
2014-04-15,4.6,0.8,8.5,1.3,,292,20.3,,1018.8,
2014-04-16,5.4,2.6,10.3,0,,355,18.8,,1027.9,
2014-04-17,5.4,-3.6,12.1,0,,232,7.4,,1025,
2014-04-18,4.7,0.8,7.4,0,,256,10.8,,1012.1,
2014-04-19,10.4,0.1,19.6,3.8,,11,16.8,,1013.3,
2014-04-20,12.2,7.3,17.4,0,,92,18.8,,1009.7,
2014-04-21,10.8,3.3,16.7,0,,102,15.3,,1006.9,
2014-04-22,11.3,4.5,18.2,1,,131,8.1,,1011.4,
2014-04-23,14.1,7.5,20.2,3.8,,314,8.9,,1018.3,
2014-04-24,13.4,7,20.1,0,,358,10.1,,1018.6,
2014-04-25,12.8,8.2,19.5,0.3,10,53,9,,1013.9,
2014-04-26,13.9,6.9,20.7,13,,190,6.9,,1011.1,
2014-04-27,14.2,9.6,19.5,5.1,,85,11.9,,1006.1,
2014-04-28,12.8,9.4,19.7,0,,246,9.5,,1007.9,
2014-04-29,12.3,9.6,17.1,0.8,,274,6.9,,1010.7,
2014-04-30,13.7,6.7,19.2,0,,305,8.4,,1009.3,
2014-05-01,12.9,6.3,20.2,0,,251,9.6,,1010.1,
2014-05-02,9.2,3.9,17.1,1.3,,344,14.6,,1011.8,
2014-05-03,4.8,3.4,7.4,10.4,,351,20.4,,1019.7,
2014-05-04,6.1,0,11,0,,319,15,,1021.9,
2014-05-05,6.6,-1,13.4,0,,113,8.7,,1020.3,
2014-05-06,12.3,1.8,19.3,0,,149,8.7,,1015.5,
2014-05-07,12.1,9.6,14,0,,211,15.8,,1011.8,
2014-05-08,11.9,6.5,17.2,4.6,,225,19.8,,1014.9,
2014-05-09,14.4,10.7,19.3,1.5,,235,21.5,,1012.3,
2014-05-10,12.3,6.5,17.3,0.5,,236,17.4,,1013.6,
2014-05-11,11.6,7.7,15.5,1.5,,233,20.9,,1006.8,
2014-05-12,9.9,6.5,14.9,0.5,,241,23.9,,1010.2,
2014-05-13,9.2,6.9,13.6,0,,240,15.9,,1013.9,
2014-05-14,8.3,4.9,12.1,3.3,,318,16.4,,1022.5,
2014-05-15,8.8,4.5,12.1,0,,333,22.5,,1027.5,
2014-05-16,9.2,6.8,12.3,0,,339,22.8,,1024,
2014-05-17,9.3,8,10.7,9.9,,321,17.9,,1018,
2014-05-18,9.7,8.6,11.7,15.7,,258,11.6,,1013.3,
2014-05-19,14.1,8.2,21.6,8.1,,152,9.8,,1012.2,
2014-05-20,16.7,6.9,23.4,22.1,,62,9,,1014.4,
2014-05-21,18.4,8.7,25.3,0,,114,10.8,,1015.2,
2014-05-22,20.3,11.1,27.4,0,,125,11.7,,1010.5,
2014-05-23,18.5,12.6,26.5,0,,65,10.4,,1008.7,
2014-05-24,15.6,10.9,21.6,24.6,,327,10.1,,1013.7,
2014-05-25,16.2,8.2,22.1,3.6,,14,8.9,,1019.6,
2014-05-26,18.2,10.5,22.5,0,,67,14.4,,1015.4,
2014-05-27,16.1,12.8,20.5,0,,29,8,,1007.9,
2014-05-28,13.7,11.8,15.2,2.3,,295,10.4,,1007.5,
2014-05-29,8.4,6.7,11.7,7.4,,339,17,,1014.1,
2014-05-30,9.9,6.2,15.6,3.8,,338,13.1,,1019.8,
2014-05-31,13.2,5.8,19,0.3,,310,12,,1019.7,
2014-06-01,12.9,5.9,18.6,0,,319,13.4,,1019,
2014-06-02,13.1,6.5,18.7,0,,328,11.3,,1018.4,
2014-06-03,13.5,7.5,18.1,0,,267,9.3,,1015.2,
2014-06-04,15.6,8.3,22,0,,147,8.2,,1010.7,
2014-06-05,15.1,11.5,19.4,0.8,,240,15.8,,1013.7,
2014-06-06,16.7,6.5,23.5,0,,136,9.2,,1019,
2014-06-07,19.8,9.3,27.6,0,,147,8.6,,1018.2,
2014-06-08,23.3,12.4,30.5,0,,179,8.1,,1019.5,
2014-06-09,24.4,14.7,31.3,0,,115,9.9,,1018.7,
2014-06-10,24.4,16,31.5,0,,72,11.1,,1018,
2014-06-11,22.2,16.3,30.7,0,,348,10.1,,1019.8,
2014-06-12,18.9,14.6,23.8,0.5,,332,13.7,,1023.3,
2014-06-13,15.7,8.7,21.7,0,,311,15,,1019.2,
2014-06-14,13.9,10.9,17,0,,309,15.2,,1016.6,
2014-06-15,13.9,10.1,19,0,,344,12.6,,1019.9,
2014-06-16,14.8,5.8,21.2,0,,307,8,,1018.6,
2014-06-17,15.3,9.6,20.3,0,,341,12,,1018.2,
2014-06-18,17.1,7.5,23.4,0,,334,7.4,,1018.3,
2014-06-19,16.5,10.3,22.4,0,,310,14,,1014.8,
2014-06-20,12.9,9.2,17.1,1,,280,16.4,,1014.2,
2014-06-21,13.2,9.2,16.3,0,,275,13.7,,1016.7,
2014-06-22,14.1,9.9,18.5,0,,275,12.8,,1017.9,
2014-06-23,14.6,7.8,20.7,0,,311,11.6,,1019.7,
2014-06-24,15.4,8.5,20.5,0,,329,9.8,,1016.1,
2014-06-25,12.7,9.4,16.2,5.8,,12,13.1,,1011.3,
2014-06-26,13.8,9.6,18.2,4.1,,22,11.6,,1015.3,
2014-06-27,16.5,6.3,23.4,0,,,6.8,,1016.4,
2014-06-28,18.8,12.1,25.7,0,,215,10.5,,1012.7,
2014-06-29,15.6,14.2,18.5,2.8,,218,18,,1008.4,
2014-06-30,14,11.9,17.4,2.8,,278,12,,1012.2,
2014-07-01,14.4,7.9,19.1,3.3,,290,9.8,,1018,
2014-07-02,15.6,10.6,20.7,0.5,,332,5.7,,1019.4,
2014-07-03,17.7,8.6,25.3,1.5,,235,9.5,,1023.4,
2014-07-04,21.4,11.7,28.5,0,,149,14.4,,1015.9,
2014-07-05,20.7,16.3,26.6,0.3,,244,11.7,,1008.8,
2014-07-06,22.7,15.9,28.3,0,,216,12,,1012.3,
2014-07-07,22.7,15.1,30.2,0,,13,13.5,,1012.9,
2014-07-08,21,17.1,27,1.5,,269,10.1,,1005.4,
2014-07-09,14.9,12.6,18.4,48.5,,232,20.4,,1004.2,
2014-07-10,12.9,11.3,15.4,4.3,,236,14.7,,1008.3,
2014-07-11,15.8,10.9,23.4,1,,293,11.9,,1009.9,
2014-07-12,15.2,,,24.1,,,,,,
2014-07-13,16.4,9.3,23.4,0,,219,11.7,,1010.2,
2014-07-14,18.7,13.5,24.1,5.6,,232,13.7,,1012.3,
2014-07-15,20.5,13.9,26.2,0.3,,307,8.7,,1018.4,
2014-07-16,21,14.4,27.4,0,,85,8.7,,1020.2,
2014-07-17,21.1,17.6,27.4,0,,314,7.7,,1020.5,
2014-07-18,22.5,14.1,29,0,,351,7.5,,1019.1,
2014-07-19,23.9,16.6,30.5,0,,94,6.6,,1015.8,
2014-07-20,25.2,16.9,33,0,,106,8,,1010.2,
2014-07-21,21.7,18,28.1,0,20,291,10.8,,1007.5,
2014-07-22,22.1,18,26.5,40.4,,22,16.5,,1011.5,
2014-07-23,20.6,15.6,26.2,0,,9,16.4,,1014.9,
2014-07-24,17.2,12.6,21.2,1.3,,346,13.2,,1013.4,
2014-07-25,19.7,12,26.1,0,,214,9.1,,1012.6,
2014-07-26,21.3,13.8,26.9,0,,70,9.8,,1012.5,
2014-07-27,21.6,15.2,28.7,1.8,,15,8.4,,1012.7,
2014-07-28,19.6,15.6,26.3,20.6,,325,7.5,,1011.8,
2014-07-29,19.8,15.3,24.7,2,,82,6.5,,1007.7,
2014-07-30,19.9,15.5,25.1,4.8,,337,7.2,,1006.7,
2014-07-31,18.8,16.9,22.1,5.3,,346,15.5,,1012.8,
2014-08-01,19.2,12.3,23,0,,61,10.5,,1013.3,
2014-08-02,22.3,17.3,28.5,0,,115,10.4,,1009.1,
2014-08-03,21.3,16.4,26.9,0,,253,10.2,,1009.8,
2014-08-04,17.8,16.1,22.3,9.4,,254,7.5,,1014.3,
2014-08-05,17.5,12.4,21.2,1.5,,277,8.4,,1016.5,
2014-08-06,18.2,12.8,23.5,0.5,,340,7.7,,1017.2,
2014-08-07,19.1,13.5,24.1,0,,3,6,,1015,
2014-08-08,20.4,14.6,25.4,2.8,,67,6.9,,1014.3,
2014-08-09,21.4,13.4,28.4,0,,199,13.8,,1011.7,
2014-08-10,22.4,13.7,29.1,0,,161,10.8,,1012,
2014-08-11,17.9,14,22.4,2.8,,215,15,,1012,
2014-08-12,16.7,13.5,21.3,3.8,,220,16.1,,1014.1,
2014-08-13,16,12.2,19.2,0,,162,11.3,,1008.4,
2014-08-14,15.6,12.8,20.2,0.8,,248,16.8,,1010.5,
2014-08-15,14.2,9.9,19.5,0,,228,15.5,,1012.8,
2014-08-16,14.1,11.3,17.6,0,,260,15.8,,1015.5,
2014-08-17,14.9,9.5,20.3,3.3,,221,18.2,,1015,
2014-08-18,16.1,13.1,20.3,0,,221,21.2,,1009.4,
2014-08-19,14.9,9.4,20.4,0,,228,15.2,,1011.9,
2014-08-20,13.8,7.4,19.5,0,,250,11.9,,1015.6,
2014-08-21,13.7,10.3,19.2,0,,231,11.4,,1016.4,
2014-08-22,14.8,7,21.6,0,,221,10.2,,1015.4,
2014-08-23,14.7,8.3,19.3,0,,241,15.8,,1013.8,
2014-08-24,12.4,8.4,16.5,0,,272,14.6,,1016.6,
2014-08-25,13.2,6.4,19.6,0,,230,16.4,,1017,
2014-08-26,12.4,10.6,14,2.5,,181,7.8,,1008.1,
2014-08-27,13.2,10,18.2,15.7,,339,13.8,,1013.2,
2014-08-28,14.4,6.8,21.6,0,,223,9.5,,1018.9,
2014-08-29,15.6,10.4,21.7,0,,200,11.9,,1017.1,
2014-08-30,16.8,11.8,23,3.6,,241,9.8,,1017.1,
2014-08-31,13.9,11.6,17.2,1,,242,10.8,,1014.3,
2014-09-01,13.3,11.8,15.6,6.6,,317,11.6,,1016.3,
2014-09-02,13.2,11.9,15.3,9.4,,326,13.2,,1019.2,
2014-09-03,14.3,11.3,19.6,0.5,,15,13.2,,1021.5,
2014-09-04,17.2,11.5,23.1,0,,43,11,,1019.8,
2014-09-05,18.7,11.8,25.2,0,,85,8,,1015.7,
2014-09-06,19.7,13.9,26.1,0,,150,7.7,,1013,
2014-09-07,18.6,12.4,25.6,0,,192,6.6,,1013.7,
2014-09-08,17.8,14,24.4,0,,316,6.8,,1015.6,
2014-09-09,16.2,12.9,19.6,1.5,,328,10.8,,1016.9,
2014-09-10,13.5,9,17,0,,319,9,,1016.9,
2014-09-11,13.3,11.5,17.3,0,,18,10.7,,1015.2,
2014-09-12,15,12.5,18.3,23.1,,54,15.9,,1012.8,
2014-09-13,15.8,12,19.8,14.2,,338,9.8,,1018.2,
2014-09-14,15.7,14.4,17.2,2,,358,13.4,,1017.4,
2014-09-15,17.5,14.7,22.2,4.3,,69,7.1,,1017.5,
2014-09-16,16.6,11.7,22.7,0,,103,10.1,,1017.9,
2014-09-17,16,11.7,22.5,0.3,,108,16.2,,1016.6,
2014-09-18,15.4,10.5,22,0,,116,12.3,,1015.3,
2014-09-19,16.1,10.7,22,0,,127,9.7,,,
2014-09-20,16.7,12.9,22.7,7.9,,230,8.3,,1014.1,
2014-09-21,15.5,12.2,19.1,5.3,,256,15.5,,1012.1,
2014-09-22,10.8,7.7,14.4,10.2,,280,19.8,,1013,
2014-09-23,9.1,4.8,12.7,1,,292,16.5,,1018.4,
2014-09-24,9.4,2.6,14.7,0,,187,9.9,,1016.2,
2014-09-25,11.3,8.4,14.1,0,,245,16.8,,1016.2,
2014-09-26,12.2,9.2,13.3,0.3,,251,16.4,,1021.8,
2014-09-27,13.9,10.3,18.6,0,,305,11.9,,1026.8,
2014-09-28,12.8,5.8,18.9,0,,157,6.6,,1028.1,
2014-09-29,14.3,5.9,21.8,0,,188,6.9,,1025.7,
2014-09-30,14.6,9.8,19.6,0,,299,4.7,,1025.1,
2014-10-01,14.9,12.6,18.3,0.5,,334,7.1,,1026.1,
2014-10-02,13.8,9.2,18.6,2.8,,327,7.5,,1028.8,
2014-10-03,11.8,6.6,16.8,0,,18,6.6,,1027.8,
2014-10-04,10.1,3.5,13.3,0,,114,9.3,,1022.9,
2014-10-05,11.2,7.9,13.4,0,,98,10.8,,1019.2,
2014-10-06,11,7.4,15.6,0,,104,14.9,,1016.4,
2014-10-07,10.7,4.2,16,0,,128,11.6,,1013.2,
2014-10-08,13.4,11.3,18.2,1.3,,154,10.5,,1014,
2014-10-09,14.4,8.1,20.4,0.5,,140,9.6,,1012.4,
2014-10-10,13.2,8.8,16.4,0,,174,7.2,,1016.8,
2014-10-11,14.3,12.1,16.5,0,,158,7.4,,1014.8,
2014-10-12,13.5,8.8,18,0.3,,146,10.2,,1015.6,
2014-10-13,14.1,9.6,19.5,0,,65,7.1,,1010.7,
2014-10-14,14.1,10.1,18.3,16.5,,256,11.4,,1009.7,
2014-10-15,11.3,7.8,16.2,0,,197,8.4,,1009.4,
2014-10-16,13.1,8.8,17.6,7.9,,228,15.6,,1008.4,
2014-10-17,12.6,11.4,14.5,3,,242,14.7,,1013.4,
2014-10-18,11.7,7.5,17.1,4.8,,203,10.2,,1024.2,
2014-10-19,12,4.5,19.2,0,,198,10.8,,1021.7,
2014-10-20,14.3,10.5,17.3,0.5,,242,19.5,,1015.9,
2014-10-21,11.1,6.9,15.1,0,,226,15.3,,1009.5,
2014-10-22,6.5,4.7,9.3,6.4,,263,24.2,,1007.2,
2014-10-23,9,5.4,10.4,9.9,,351,23.1,,1017,
2014-10-24,6.8,6.2,9.2,0,,356,6.9,,1024.3,
2014-10-25,5.4,1.9,6.8,0,,187,7.4,,1023.9,
2014-10-26,7.9,5.7,11.3,0,,171,6.9,,1028.5,
2014-10-27,5.2,1.8,8.3,0,,143,8,,1030.3,
2014-10-28,2.4,-1.1,7.2,0,,77,9.5,,1025.5,
2014-10-29,3,-2.4,5.7,0,,149,9,,1021.3,
2014-10-30,6.2,4.2,8,0,,274,5.6,,1025.7,
2014-10-31,9.2,6.8,13.1,0,,182,6.8,,1027.2,
2014-11-01,9.3,6.5,15.2,0,,215,6.9,,1024.3,
2014-11-02,6.1,3.4,8.6,0,,83,5,,1020.5,
2014-11-03,6.6,5.3,10.1,0,,144,11.3,,1013.2,
2014-11-04,7.9,5.2,13.1,0,,126,12.3,,1002.3,
2014-11-05,8.3,4.6,12.4,0,,62,9,,1000.9,
2014-11-06,8,7.4,8.5,0,,246,7.7,,1011.1,
2014-11-07,7.7,5.7,9.1,0.8,,237,6.9,,1011.7,
2014-11-08,7.7,3.6,12.6,0,,199,10.8,,1016.1,
2014-11-09,5.3,1.9,7.3,0,,27,6.5,,1013.9,
2014-11-10,8.6,6.7,10.6,0,,211,5.7,,1013.6,
2014-11-11,9.6,7.6,12.1,0,,62,8.9,,1012.3,
2014-11-12,9.5,7,12.4,0,,95,9.2,,1006.6,
2014-11-13,10.4,9.5,11.4,0,,118,7.5,,1012.4,
2014-11-14,9.8,5.2,11.6,0,,94,11.3,,1013.8,
2014-11-15,10.7,9.8,12,0,,111,15.8,,1006.8,
2014-11-16,8.8,4.6,12.3,0,,160,15.2,,1003.8,
2014-11-17,5.9,0.8,8.4,0.5,,82,10.7,,1009.6,
2014-11-18,7.3,6.4,7.8,0.3,,89,20.7,,1007.2,
2014-11-19,4.7,3.6,6.1,19.3,,320,13.2,,1016.9,
2014-11-20,4.3,3.6,5.4,0.5,,12,6,,1027.1,
2014-11-21,3.8,2.9,4.3,0,,73,9.9,,1026.9,
2014-11-22,3,0.7,4.5,0,,145,8.3,,1026.2,
2014-11-23,2.7,-0.6,4.4,0,,144,9,,1027.8,
2014-11-24,4.3,3.9,5.1,0,,175,6.9,,1025.6,
2014-11-25,3.1,0.5,4,1,,64,8,,1028.3,
2014-11-26,1.2,-2.2,2.8,0,,102,13.2,,1023.6,
2014-11-27,1.5,-1.8,2.3,0,,113,16.8,,1017.1,
2014-11-28,0.7,0.2,1.4,0,,117,16.1,,1018.2,
2014-11-29,0.9,0.2,1.4,0,,94,14.9,,1020.5,
2014-11-30,1,-0.4,2.4,0,,89,15.6,,1018,
2014-12-01,-0.8,-1.4,0.4,0,,79,24.2,,1014.9,
2014-12-02,-1.4,-1.8,-0.9,8.1,,80,15.8,,1015,
2014-12-03,0.3,-1.4,1.8,0.5,10,84,13.8,,1019.7,
2014-12-04,4.5,1,6.5,0.3,,92,18.6,,1018.1,
2014-12-05,4.1,3.3,5.1,0,,187,6.5,,1018.8,
2014-12-06,3.3,2.9,4.1,0,,344,9.9,,1021.5,
2014-12-07,2.7,1.9,4,0.5,,291,9.3,,1021.5,
2014-12-08,1.4,-1.5,4.3,0.5,,243,16.4,,1019.4,
2014-12-09,-1.9,-3.4,3.4,0,,247,7.3,,1028,
2014-12-10,-1.1,-3.2,1.1,0,,217,18,,1024.9,
2014-12-11,2.9,0.4,5,0,,228,27,,1014.3,
2014-12-12,5.3,1,7.5,2.3,,215,28.1,,1009.5,
2014-12-13,8.2,5.8,10.2,0,,215,23.7,,1010.6,
2014-12-14,7.4,5.4,9.2,1.3,,216,14.7,,1016.3,
2014-12-15,7.2,4,10.1,0.5,,221,17.1,,1016.2,
2014-12-16,4.2,2,6.1,0,,218,9.5,,1013.6,
2014-12-17,2.6,0.5,3.7,0.3,,226,17.7,,1011.9,
2014-12-18,7.2,2.5,9.8,1,,232,25.8,,1013,
2014-12-19,9.8,6.1,11.3,0.5,,242,31.8,,1013,
2014-12-20,3.5,1.4,6.5,3,,249,27.9,,1018.3,
2014-12-21,3.6,1.2,5.3,0.5,,257,27,,1025.6,
2014-12-22,6.1,3.4,7.6,0,,244,39.5,,1018.8,
2014-12-23,8,6.7,9.1,0,,244,29.7,,1018.5,
2014-12-24,5.4,2.4,7.6,0,,240,27.5,,1017.6,
2014-12-25,3.3,1.3,6.7,1.5,,255,22.5,,1019.9,
2014-12-26,-0.9,-4.8,1.2,0,,303,17.1,,1025.7,
2014-12-27,-4.9,-6.7,-3,0,,130,16.5,,1013.7,
2014-12-28,-6.4,-8.8,-4.1,0,,11,21.8,,1019,
2014-12-29,-6.2,-9.4,-3.4,0,20,287,17.7,,1028.6,
2014-12-30,-6.2,-10.9,-3.9,0.5,20,216,11.7,,1034.1,
2014-12-31,-1.6,-4.4,0.5,2.5,51,215,8.4,,1033.7,
2015-01-01,1.2,0.1,2.5,0.3,30,237,17,,1034.9,
2015-01-02,1.4,0,2.1,0,,241,29.7,,1027,
2015-01-03,1,0,1.8,1.5,,236,23.3,,1023.9,
2015-01-04,1,0,3,0.5,10,289,22.4,,1023.3,
2015-01-05,0.9,-0.8,2,0.3,10,283,20,,1028.8,
2015-01-06,-0.2,-2.8,1.7,0,10,166,9.5,,1028.4,
2015-01-07,-1.2,-4.1,0.8,0,10,210,10.1,,1029,
2015-01-08,2.4,-1.9,5.9,1,10,214,18.5,,1026.1,
2015-01-09,5.7,2.1,7.9,1.8,,252,37.8,,1018.6,
2015-01-10,10,5.2,13.4,5.3,,256,37.5,,1007.5,
2015-01-11,2.3,0.9,5,2,,264,28.5,,1013.7,
2015-01-12,3.7,1.8,4.4,0,,240,33.5,,1019.7,
2015-01-13,6.3,1.5,11.3,0,,207,19.2,,1015.5,
2015-01-14,5.9,2,8.8,0,,231,24.8,,1012.8,
2015-01-15,2.4,-2.5,5.1,1,,177,14.6,,1014.7,
2015-01-16,2.3,-0.3,4.2,0,,156,12.2,,1010.5,
2015-01-17,2.1,0.3,3.7,0,,273,8.9,,1013.1,
2015-01-18,2.2,1.4,4.3,2.5,,180,8,,1018.6,
2015-01-19,0.9,0.1,2,0,,128,8.9,,1015.1,
2015-01-20,0,-0.8,1,0,10,153,6.9,,1012.8,
2015-01-21,-0.1,-1.6,0.7,0.3,10,53,10.2,,1015.3,
2015-01-22,2.4,-0.1,3.6,0,,59,12.8,,1014.4,
2015-01-23,-0.2,-1.2,1.7,0.5,10,342,17.1,,1020.8,
2015-01-24,-1.1,-2.4,0.1,0.5,10,314,11.4,,1021.3,
2015-01-25,0.3,-1.2,2.5,0,10,296,14,,1024.7,
2015-01-26,0.1,-2,2.6,0,10,220,14.6,,1023.7,
2015-01-27,0.8,-0.4,2.4,1,30,254,20.6,,1016,
2015-01-28,1.3,0.4,3.2,0,10,228,20,,1013.4,
2015-01-29,1,-0.6,2.8,0,10,211,23.7,,994.1,
2015-01-30,0.2,-2.2,2.8,0,10,209,19.5,,977.6,
2015-01-31,-1.2,-3.7,1.2,0,,231,21.2,,983.4,
2015-02-01,-0.2,-3.6,4,0,,220,14.4,,991.7,
2015-02-02,-0.7,-2.2,1.7,0,10,239,14.9,,998.2,
2015-02-03,-0.5,-2.9,1.7,0.3,10,237,18.3,,1003.4,
2015-02-04,-3.1,-5.7,-0.8,0,10,295,10.2,,1012.1,
2015-02-05,-3.9,-7.3,-0.3,0,10,26,13.1,,1021.7,
2015-02-06,-4.1,-6.7,0,0,,22,17.3,,1026.7,
2015-02-07,-3.6,-9.2,2.1,0,,275,12.3,,1027.1,
2015-02-08,-1.3,-3.2,1.8,0,41,318,27.6,,1019.4,
2015-02-09,0.6,-4.6,4.4,0.3,41,267,23.6,,1021.7,
2015-02-10,2.9,1.8,5.7,0,,280,14.4,,1027.3,
2015-02-11,1.9,-0.6,4,0,,312,6.6,,1028.8,
2015-02-12,-0.2,-1.2,0.7,0,,167,8.3,,1027.1,
2015-02-13,-0.1,-0.8,0.5,0,,150,7.8,,1023.3,
2015-02-14,-0.4,-1.6,0.2,0,,137,7.1,,1017.1,
2015-02-15,2.1,-1.6,4.8,0,,69,12.9,,1017,
2015-02-16,2,-3.7,9,0,,94,13.7,,1022.9,
2015-02-17,-0.9,-5.1,1.4,0,,128,6.8,,1032.5,
2015-02-18,0.6,-0.3,1.7,0,,238,7.1,,1040.6,
2015-02-19,-0.6,-2.9,5.2,0,,216,9.9,,1032.5,
2015-02-20,1.8,-5,10.5,0,,198,13.4,,1019.5,
2015-02-21,1.8,-3.1,7.5,0,,146,11.6,,1003.8,
2015-02-22,1.7,-0.8,4.6,0,,354,11.3,,1008.9,
2015-02-23,2.6,-2.1,8.1,0,,191,15,,1004.4,
2015-02-24,3.9,0.8,8.5,0.5,,247,13.1,,1008.1,
2015-02-25,2.4,-0.1,6.2,0,,273,9.9,,1019,
2015-02-26,1.8,-3,8,0,,249,8,,1022,
2015-02-27,1.6,-2.1,6.6,0,,141,9,,1014.8,
2015-02-28,1.8,-1.1,4.4,0,,234,8.3,,1020,
2015-03-01,1.7,-3,5.2,0,,191,16.1,,1011.5,
2015-03-02,5.1,1.8,7.7,2.3,,232,22.1,,1004.9,
2015-03-03,3.6,0.5,7.7,0.5,,241,27.8,,1018.6,
2015-03-04,3.6,1,7.5,0,,263,20.4,,1022.8,
2015-03-05,2,-1.2,5.8,0,10,292,18.5,,1031.6,
2015-03-06,2.8,-1.4,5.4,0.8,10,264,9.6,,1036.1,
2015-03-07,5.3,1.6,11.1,0,,202,10.1,,1034.5,
2015-03-08,6.1,-0.6,13.3,0,,165,11.7,,1029.5,
2015-03-09,5.1,-1.7,11.2,0,,101,9.4,,1027.6,
2015-03-10,5.4,-2.8,13.6,0,,,7.4,,1026.3,
2015-03-11,3.7,1.9,7.1,2.3,,335,19.5,,1027,
2015-03-12,2.8,0.9,4.9,0,,329,14.1,,1029.7,
2015-03-13,2.4,0.9,5,0,,353,14.1,,1025.6,
2015-03-14,1.9,1.2,3.4,0.5,,10,9.3,,1025.4,
2015-03-15,3.9,1,6.9,4.8,,95,19.8,,1028.4,
2015-03-16,7.4,3.6,11.5,0.5,,109,27,,1028.7,
2015-03-17,8.2,1.8,13.4,0,,108,20.1,,1029,
2015-03-18,6.1,-0.5,12.4,0,,76,10.7,,1027,
2015-03-19,4.8,-1.5,11.4,0,,28,6.8,,1026.6,
2015-03-20,4.7,-3.5,12.2,0,,286,5.9,,1024,
2015-03-21,6,-1.4,12.9,0,,275,15.6,,1015.3,
2015-03-22,2.4,0.7,4,0,,6,15.2,,1023.3,
2015-03-23,3.2,-4.5,10.3,0,,108,7.4,,1019.3,
2015-03-24,6.4,-1.1,13.2,0,,189,8.4,,1010.6,
2015-03-25,8.9,0.7,16.2,0,,77,14.6,,1007.5,
2015-03-26,10.1,6.7,13.4,0.3,,229,12,,1006,
2015-03-27,6.3,3.6,9.7,5.6,,265,17.4,,1014.6,
2015-03-28,5.8,3,8.7,0,,263,13.1,,1020,
2015-03-29,8.5,2.4,12.3,0,,223,26.6,,1005.9,
2015-03-30,5.8,2.5,9.4,3.8,,260,33.6,,999.1,
2015-03-31,5.7,0.4,13.5,2.8,10,241,33.8,,1000,
2015-04-01,3.1,0.9,6.7,7.1,,275,31.4,,1009.5,
2015-04-02,1.8,0.2,3.7,0.5,,273,28.8,,1010.6,
2015-04-03,2.7,0.2,5.7,1.5,,275,19.8,,1018.9,
2015-04-04,2.3,-2.2,7.7,0,,305,12.3,,1016,
2015-04-05,1.6,-3.2,6.2,0,,330,13.8,,1021.6,
2015-04-06,0.6,-1,3.9,0,,322,14.9,,1026.3,
2015-04-07,4.4,-2.2,10.2,2.3,,301,11.4,,1033.6,
2015-04-08,5.8,3.5,7.4,0,,307,15.8,,1031,
2015-04-09,8.1,4.9,13.7,0,,110,7.8,,1030.5,
2015-04-10,10.1,1.6,17.4,0,,118,7.2,,1024,
2015-04-11,12.7,3.7,19.9,0,,232,14,,1020.6,
2015-04-12,10.9,7.4,16,0,,261,13.8,,1028,
2015-04-13,8.8,4.2,12.4,0,,280,21,,1026.6,
2015-04-14,9.2,1,16.2,0,,254,17.1,,1027.3,
2015-04-15,15.7,9.5,22.5,0,,255,20.6,,1017.4,
2015-04-16,14.1,8.1,20.4,0,,304,15.9,,1012.3,
2015-04-17,7.6,4.7,10.7,2,,355,12.6,,1014.2,
2015-04-18,4.6,0.7,7.4,0,,325,15,,1022.8,
2015-04-19,7.1,-0.9,13.3,0,,307,11.9,,1022.9,
2015-04-20,9.9,2.5,15.9,0,,307,18.3,,1023.1,
2015-04-21,11.9,2.4,19.2,0,,312,19.8,,1025,
2015-04-22,8.2,3.8,11.9,0,,323,14.1,,1024,
2015-04-23,10.4,4.3,16,1.8,,323,8.7,,1018.7,
2015-04-24,12.2,5.7,17.5,0,,224,11.2,,1014.9,
2015-04-25,14,4.8,20.5,0,,205,14.9,,1011.6,
2015-04-26,13.9,11.9,17.9,1.3,,199,12,,1008.8,
2015-04-27,14.3,6.2,22.2,1.5,,92,10.5,,1002.5,
2015-04-28,6,4,11.2,9.1,10,322,21,,1010,
2015-04-29,7.1,0.4,11.9,11.7,,294,10.2,,1021.2,
2015-04-30,9,3.6,13.7,0,,177,12.5,,1016.2,
2015-05-01,9,7.2,11.2,1.5,,228,12.3,,1008.8,
2015-05-02,10.1,6.5,14.2,1.8,,352,9,,1010.8,
2015-05-03,11.6,5.3,16.5,0,,150,11.6,,1010.9,
2015-05-04,16.3,11,21,1.8,,223,10.5,,1010,
2015-05-05,18.7,12.4,24.2,0.3,,118,10.1,,1007.6,
2015-05-06,14.1,11.4,16.4,10.4,,245,14.6,,1013.8,
2015-05-07,12.5,8.4,15.9,1.5,,257,19.1,,1018.4,
2015-05-08,13.1,4.8,20.4,0,,108,8.9,,1017.8,
2015-05-09,13.7,9.6,18.2,1.5,,239,11.7,,1017.5,
2015-05-10,12.7,8.7,17.2,1.3,,286,17.7,,1024,
2015-05-11,12.1,3.5,19.6,0,,128,7.1,,1027.8,
2015-05-12,16.9,5.9,23.9,0,,171,11.6,,1019.8,
2015-05-13,14.4,9.6,18.9,2.8,,325,9.5,,1017.5,
2015-05-14,11.4,9,14.4,0,,347,14,,1011.3,
2015-05-15,10.7,3.4,16.7,,,14,7.6,,1014.8,
2015-05-16,13.6,3.9,20.7,0,,260,13.4,,1019.9,
2015-05-17,12.4,9.7,15.7,0,,322,15.2,,1022.7,
2015-05-18,13.9,5.5,21.2,,,171,8.3,,1014.2,
2015-05-19,14.4,9.6,18.5,0,,206,14.6,,1007.7,
2015-05-20,10.3,8.2,12.9,3,10,253,10.4,,1013.4,
2015-05-21,10.6,6.4,13.4,6.1,,309,10.8,,1021.6,
2015-05-22,11.7,4.9,16.9,0,,336,10.5,,1024.7,
2015-05-23,13.8,7.7,18.4,0,,5,14.4,,1018.2,
2015-05-24,13.6,8.8,17,0,,347,9.2,,1018.2,
2015-05-25,14.1,9.4,18.2,0,,249,9.3,,1013.8,
2015-05-26,11.5,9.7,13.2,5.3,,327,16.4,,1014.4,
2015-05-27,9.8,8.4,11.7,0,,305,16.8,,1020.8,
2015-05-28,12.6,7.4,17.9,0,,228,11.6,,1017.8,
2015-05-29,14.9,8.9,20.5,0,,227,12.2,,1012.4,
2015-05-30,12.7,9.4,16.4,4.8,,232,20.4,,1013.2,
2015-05-31,13.6,4,20.5,0.5,,202,11.7,,1017.5,
2015-06-01,17.6,11.3,24.9,0,,224,13.2,,1015.3,
2015-06-02,18.6,11,24.7,1,,218,15.8,,1017,
2015-06-03,21.2,14.9,27.7,0,,232,19.4,,1018.9,
2015-06-04,16.8,10.9,21.9,0,,3,11,,1026.8,
2015-06-05,19.1,9.5,26,0,,94,10.2,,1023.9,
2015-06-06,22.7,11.6,30,0,,119,8.1,,1020.8,
2015-06-07,18.1,14,21.7,0,,341,15.6,,1024.5,
2015-06-08,13.9,12.2,17,0,,344,16.8,,1023.3,
2015-06-09,10.8,10,12.4,13.2,,2,17.7,,1023.8,
2015-06-10,14.2,8.6,18.2,0.8,,14,10.7,,1024.9,
2015-06-11,17.3,13.5,20.5,0,,46,10.1,,1020.9,
2015-06-12,20.7,12.7,28,0,,20,6.8,,1012.9,
2015-06-13,19.9,14.5,28.2,0,,8,8.3,,1009.5,
2015-06-14,20.1,14.5,26.1,4.3,,207,10.4,,1009.5,
2015-06-15,15.6,12.4,18.9,0,,343,19.4,,1013.8,
2015-06-16,13.4,7.9,17.9,0,,336,12,,1020.4,
2015-06-17,12.6,7.1,17.7,0,,324,10.7,,1022.4,
2015-06-18,14.2,10.4,16.5,0.3,,233,16.1,,1014.8,
2015-06-19,12.1,9.7,14.7,1.5,,307,13.1,,1014.7,
2015-06-20,11.6,9,15.7,2,,282,14.3,,1016.5,
2015-06-21,12.5,8.7,15.7,0.5,,264,12,,1017.4,
2015-06-22,13.9,10.9,19.4,0.5,,224,18.3,,1011.7,
2015-06-23,11.7,8.2,14.5,6.9,,238,19.7,,1009.4,
2015-06-24,12.6,8,16.4,0.5,,281,15.8,,1020.3,
2015-06-25,15,6.8,20.2,0,,320,8,,1023.5,
2015-06-26,17.2,9.4,23.3,0,,233,9.2,,1020.5,
2015-06-27,16.8,14.6,19.7,0,,227,9.9,,1016.5,
2015-06-28,16.8,13.7,20.7,1.8,,315,15,,1019.9,
2015-06-29,17.8,11.2,24.6,0,,214,8,,1021.2,
2015-06-30,20,11.8,25.9,0,,307,9.6,,1020.4,
2015-07-01,21.2,13.4,26.9,0,,359,8.6,,1021.5,
2015-07-02,22.6,14.8,28.5,0,,87,12.2,,1023.2,
2015-07-03,24.5,15.4,31.5,0,,92,8.9,,1024.3,
2015-07-04,26.6,18.2,33.4,0,,112,7.4,,1021.2,
2015-07-05,25.9,18.7,34.5,0,,200,9.8,,1016.5,
2015-07-06,23,19.1,26.3,4.6,,328,15.5,,1017.2,
2015-07-07,24.7,14.3,33.4,0,,141,8.4,,1013,
2015-07-08,19.5,16.2,25.9,7.9,,258,20.3,,1008.9,
2015-07-09,15.4,10.4,18.4,0,,266,20.6,,1015.3,
2015-07-10,13.4,6.4,19.2,1,,303,15.8,,1021.7,
2015-07-11,17.1,6.7,24.2,0,,213,8.3,,1018.3,
2015-07-12,20.3,11.2,28.2,0,,296,11.9,,1015,
2015-07-13,17,13.9,20.4,0.5,,270,15.8,,1016.2,
2015-07-14,18.2,14.6,21.7,1.3,,251,18.2,,1015.1,
2015-07-15,19.1,15.7,22.9,3.6,,285,12.3,,1018.4,
2015-07-16,21.6,13.5,28.4,0,,52,10.2,,1017.9,
2015-07-17,23.6,15,32.7,0,,171,9.3,,1016,
2015-07-18,26.1,19.2,32.4,0.3,,241,17.1,,1014.3,
2015-07-19,24.2,16.7,31.9,0,,224,18.5,,1010.8,
2015-07-20,21.5,15.7,25.2,0,,284,13.2,,1013.7,
2015-07-21,25.4,18,31.7,0,,256,13.8,,1013.4,
2015-07-22,27.3,16.9,35.4,0,,217,11,,1012.1,
2015-07-23,20.9,18.5,23.9,1,,353,11,,1013.7,
2015-07-24,22.6,18.2,27.7,0,,63,12.6,,1012.3,
2015-07-25,20.5,16.7,25.9,15.5,,220,18.6,,1006.1,
2015-07-26,17.1,12,22,1.8,,254,16.1,,1013.2,
2015-07-27,16.8,12.4,21.7,0.5,10,231,18.6,,1005.8,
2015-07-28,17.9,12,22.2,7.6,,243,20.9,,1007.1,
2015-07-29,15.2,11.9,19.9,0,,241,19.4,,1009.6,
2015-07-30,15.2,9.9,21,2.3,,254,18.6,,1013.8,
2015-07-31,15.5,7.9,20.9,0,,337,10.4,,1017.9,
2015-08-01,19.1,9.9,25.7,0,,87,12.3,,1015.4,
2015-08-02,20.9,16.4,24.9,0,,109,11.6,,1017.7,
2015-08-03,22.5,13.7,28.2,0,,132,6.5,,1018.4,
2015-08-04,25.9,17,32.7,0,,156,12.2,,1013.3,
2015-08-05,23.3,16.6,28.7,0,,1,9.5,,1016.9,
2015-08-06,25.9,16.1,33.2,0,,15,9.2,,1015.9,
2015-08-07,28.2,18.7,34.9,0,,83,8.3,,1015.6,
2015-08-08,28.7,19.9,35.7,0,,78,10.7,,1014.9,
2015-08-09,24.4,19.4,31,0,,0,16.4,,1016.6,
2015-08-10,26.6,17.5,34.2,0,,95,10.5,,1013.6,
2015-08-11,27.4,19.2,34.2,0,,79,9.6,,1013.4,
2015-08-12,26.4,19.5,33,0,,359,11.6,,1016.9,
2015-08-13,26.4,18.6,33,0,,56,15.2,,1015.8,
2015-08-14,27.1,19.6,34.7,0,,103,14.1,,1008.2,
2015-08-15,23.5,18.4,28.2,0,,268,14.3,,1007.5,
2015-08-16,20.2,16.5,25.7,0.5,20,21,8.3,,1008.2,
2015-08-17,16.8,15.4,18.3,18.5,20,258,12.9,,1009.2,
2015-08-18,14.7,13.5,15.4,29,10,278,13.7,,1013.8,
2015-08-19,15.1,14,16.4,10.4,,335,11.4,,1018.2,
2015-08-20,16.5,11.9,20.6,1.8,,351,10.1,,1022.6,
2015-08-21,18.2,12.5,23.2,0,,26,9,,1023.9,
2015-08-22,16.9,10.6,22.2,0,,46,9.8,,1021.1,
2015-08-23,17.3,10.2,22.9,0,,97,16.1,,1013.7,
2015-08-24,20.1,15.7,25.4,0.5,,123,14,,1008.6,
2015-08-25,17,13.4,20.7,1.8,,244,17.3,,1015.5,
2015-08-26,18.6,10.6,25.5,0.5,,173,10.8,,1019,
2015-08-27,21.5,10.9,29.2,0,,160,9.6,,1014,
2015-08-28,22.5,17.5,26.7,0,,242,13.2,,1015.5,
2015-08-29,22,17.5,27.7,0,,49,8.6,,1022.1,
2015-08-30,24.1,16.7,31.2,0,,29,6.2,,1018.5,
2015-08-31,25.7,18.7,32,0,,54,7.8,,1012.7,
2015-09-01,25.2,19.5,31.9,0,,239,12.8,,1007.6,
2015-09-02,15.9,13.4,19.7,2.8,,338,11,,1016,
2015-09-03,16.2,11.1,21,0,,155,8.5,,1014.4,
2015-09-04,15.3,11.7,20.2,0.3,,250,13.8,,1014.2,
2015-09-05,13.7,9,18,0,,240,18.9,,1013.5,
2015-09-06,11.4,8,13.5,0.3,,260,27.5,,1016.5,
2015-09-07,11.2,7.8,14.5,0,,271,18.6,,1021.4,
2015-09-08,12.1,6.5,16.2,1.5,,291,13.8,,1023.4,
2015-09-09,12.4,9.2,15.7,0.3,,356,10.5,,1022.7,
2015-09-10,10.7,5.6,18.4,0.5,,20,12,,1023,
2015-09-11,12.3,5.9,17.9,0.8,,91,10.4,,1020.3,
2015-09-12,14.4,7.7,21.4,0,,139,9.8,,1018.9,
2015-09-13,16.9,9.7,24.7,0,,111,14.7,,1013.7,
2015-09-14,14.9,11,17.7,0,,162,12.5,,1007.6,
2015-09-15,15.7,11.8,20.4,1,,188,10.5,,1011.1,
2015-09-16,18.8,10.9,25.5,0,,150,10.7,,1004.4,
2015-09-17,20.4,12.1,31.7,0,,169,14.3,,1002.5,
2015-09-18,15,10.3,19.4,0,,238,12.5,,1017.1,
2015-09-19,15.2,9.5,21.4,0,,245,11.6,,1020.8,
2015-09-20,11.7,7.5,15.9,0,,283,12.8,,1021.2,
2015-09-21,12.3,7.6,16.9,0,,237,10.8,,1017.7,
2015-09-22,13.7,6.5,18.7,0,,165,11.1,,1008.8,
2015-09-23,12.2,10.7,14.7,0.3,,244,10.7,,1009.9,
2015-09-24,11.8,7.3,17,0.5,,249,11,,1019.7,
2015-09-25,13.2,7.6,19,0,,292,12.9,,1020.8,
2015-09-26,12.9,11.2,15.2,0,,340,13.2,,1023.8,
2015-09-27,11.4,7.7,13.7,0,,351,13.8,,1030,
2015-09-28,11.4,7.7,16.2,0,,352,14,,1034.3,
2015-09-29,10.5,6.4,14.9,0,,29,13.2,,1035.3,
2015-09-30,9,4.9,12.7,0,,70,14.6,,1034.9,
2015-10-01,8.1,0.3,14.7,0,,76,12,,1032.4,
2015-10-02,9.9,0.8,18.2,0,,77,11.4,,1027.1,
2015-10-03,12.1,4.9,17.5,0,,126,9.6,,1018.2,
2015-10-04,12.9,6.9,19.2,0,,261,8.3,,1016.5,
2015-10-05,13.7,8.6,19,0,,196,10.4,,1016.5,
2015-10-06,13.1,8.9,17.6,0,,120,10.7,,1010.8,
2015-10-07,13.7,12.7,14.9,3.6,10,125,10.4,,1011.9,
2015-10-08,13.1,12,14.5,17,,301,10.4,,1016.9,
2015-10-09,10.6,9,11.7,3.3,,8,9,,1020.2,
2015-10-10,7.9,6.7,10.4,0.8,,55,13.7,,1020.2,
2015-10-11,5.2,2,9.2,0,,58,17.4,,1018.9,
2015-10-12,2.7,-2,8.5,0,,30,11.6,,1020.5,
2015-10-13,1.4,-1.7,2.9,0,,76,10.1,,1019.8,
2015-10-14,4.2,2.7,5.4,7.1,,346,9.8,,1017,
2015-10-15,8.2,4.5,10.2,10.2,,64,14.4,,1013.3,
2015-10-16,7.3,5.9,10.2,3,,236,12.3,,1015.8,
2015-10-17,6.2,4.2,8,3.6,,225,11.6,,1018.8,
2015-10-18,5.1,1.4,7.4,0,,86,6.9,,1019.5,
2015-10-19,6.8,4.7,10,0,,337,7.8,,1020,
2015-10-20,5.6,1.8,7.7,0,,267,9.3,,1020.5,
2015-10-21,7.7,6.7,9.4,2.3,,284,9.9,,1020.1,
2015-10-22,8.8,6.4,10.7,0,,232,15.9,,1017.2,
2015-10-23,9.1,4.5,12.9,0.5,,286,14,,1022.5,
2015-10-24,6,1.6,10.7,0,,142,8.4,,1023,
2015-10-25,8.4,3.5,12.7,0,,259,10.2,,1023.5,
2015-10-26,8.7,4.4,11.4,0,,87,11.4,,1025.1,
2015-10-27,8.1,3.7,10.7,0,,96,13.1,,1021.6,
2015-10-28,7.3,2.8,9.7,0,,113,9,,1016.6,
2015-10-29,7.9,7.2,8.7,0,,216,5.9,,1019.3,
2015-10-30,8.4,7.7,9.4,0,,144,6.5,,1029.2,
2015-10-31,8.7,4.9,15.9,0,,94,15.2,,1033,
2015-11-01,6.6,1,13.4,0,,96,9.6,,1035.1,
2015-11-02,3.1,-2.6,9.7,0,,351,4.7,,1032.5,
2015-11-03,1.7,-3.1,7.9,0,,307,4.7,,1026.4,
2015-11-04,2.3,-2.6,7.9,0,,221,7.4,,1023.9,
2015-11-05,9.2,3.4,16.9,0,,254,6.9,,1023.1,
2015-11-06,10.3,3.8,15.5,0,,231,9.2,,1024.4,
2015-11-07,13.4,9.6,17.9,1.5,,229,18.6,,1024.4,
2015-11-08,13.5,7.9,17.4,0,,238,17.1,,1027.1,
2015-11-09,12.3,6.4,14.7,0,,231,21.2,,1022.1,
2015-11-10,14.1,12.7,16.7,0.5,,249,27.2,,1020.9,
2015-11-11,12.7,10,14.8,0,,238,20.3,,1023.3,
2015-11-12,9.3,5.3,11.9,0,,239,15.6,,1026.7,
2015-11-13,9.6,4.8,12.2,0,,198,16.4,,1024.6,
2015-11-14,6.4,4.2,9.2,2,,249,23.9,,1024.7,
2015-11-15,8.6,4.7,11.4,2.3,,240,34.1,,1012.5,
2015-11-16,10.8,7,14.2,2.8,,239,19.8,,1014.6,
2015-11-17,10.3,7,12.8,0,,229,26.7,,1013.2,
2015-11-18,12.6,8.9,14.3,0.5,,252,34.2,,1012,
2015-11-19,10.6,8.7,13.4,0,,235,28.7,,1012.9,
2015-11-20,6.2,3.5,9.7,9.9,,240,18.2,,1005,
2015-11-21,2.7,-0.2,4.4,7.4,,242,16.2,,997.6,
2015-11-22,0.3,-1,3.2,0,,240,15,,1003.8,
2015-11-23,-0.3,-2.1,1.2,0,,238,15.8,,1019.5,
2015-11-24,-0.9,-3.3,1.7,0,,197,12,,1024.1,
2015-11-25,0.2,-2.7,1.9,0,,185,11.9,,1010.4,
2015-11-26,1.4,0,3.4,2.3,,303,7.5,,1014.2,
2015-11-27,1.8,0.7,3.2,0.3,,295,5.1,,1020,
2015-11-28,0.3,-2.1,1.9,0,,228,20.9,,1013.9,
2015-11-29,3.7,0.5,7.7,0,,229,36,,1014.9,
2015-11-30,6.8,4.2,9,8.9,,253,30.8,,1014.2,
2015-12-01,7.2,4.7,9.4,5.6,,291,23.9,,1019.6,
2015-12-02,8.1,4.5,9.9,0,,244,14.7,,1027.7,
2015-12-03,6.2,1.2,9.4,0,,209,10.8,,1031.3,
2015-12-04,3.3,-1.4,6.7,0,,210,15.9,,1030.5,
2015-12-05,4.7,1.7,8.2,0.3,,210,14.1,,1032.5,
2015-12-06,5.9,0.5,10.5,0,,209,18,,1028.9,
2015-12-07,6.9,2.2,10.2,0,,217,17.7,,1033.8,
2015-12-08,1.7,-0.1,2.4,0,,218,7.8,,1035.5,
2015-12-09,2.8,0.8,4.9,0,,242,12.5,,1034.9,
2015-12-10,1.1,-0.7,3.9,4.1,,220,15.3,,1037.9,
2015-12-11,1.8,-2,5.2,0,,210,20.1,,1028.1,
2015-12-12,4.9,2,5.7,0.3,,233,20.9,,1022.9,
2015-12-13,5.1,-0.2,8,0,,254,27.5,,1019.3,
2015-12-14,1.1,-1.7,2.5,0.3,,124,5.9,,1026.5,
2015-12-15,3.7,1.5,5.7,0,,209,8,,1026.2,
2015-12-16,4.2,2.4,5.7,0,,180,9.6,,1029.9,
2015-12-17,8.2,4.2,10.7,0.5,,210,17.1,,1025.8,
2015-12-18,8.8,6.5,10.4,0,,231,15.6,,1024,
2015-12-19,7.7,4.9,11.5,2.8,,209,12.3,,1025.8,
2015-12-20,4.2,3.2,4.9,0,,168,9.8,,1025.9,
2015-12-21,4.8,2.4,7.4,0,,198,16.8,,1025.8,
2015-12-22,8.8,5.8,10.9,0.5,,225,23.4,,1026.4,
2015-12-23,8.1,5.2,11.2,0.3,,226,22.2,,1027.1,
2015-12-24,3.7,1.2,6.2,0,,202,8.4,,1029.4,
2015-12-25,8.6,2.8,10.5,0,,223,18,,1029.2,
2015-12-26,10.2,7,12.5,0,,228,22.7,,1028.2,
2015-12-27,7.5,5,11,0,,224,23.1,,1029.6,
2015-12-28,7.6,5.4,10.5,0,,207,13.2,,1031.5,
2015-12-29,4.2,2.4,5.9,0,,85,14,,1031.9,
2015-12-30,1.3,-2.7,3.5,0,,121,14.6,,1034.6,
2015-12-31,-3.1,-7,-0.2,0,,129,10.5,,1030,
